instance_id,true_label,predicted_label,region
0,11,0,01_TOLEDO
1,12,0,10_RURAL
2,11,0,10_RURAL
3,11,0,10_RURAL
4,11,0,10_RURAL
5,11,11,10_RURAL
6,13,0,10_RURAL
7,13,0,10_RURAL
8,13,13,10_RURAL
9,13,13,10_RURAL
10,11,0,10_RURAL
11,11,11,10_RURAL
12,11,0,10_RURAL
13,11,11,10_RURAL
14,11,11,10_RURAL
15,11,11,10_RURAL
16,11,11,10_RURAL
17,11,11,10_RURAL
18,11,11,10_RURAL
19,14,0,10_RURAL
20,14,0,10_RURAL
21,14,14,10_RURAL
22,11,11,10_RURAL
23,11,11,10_RURAL
24,11,0,10_RURAL
25,11,11,10_RURAL
26,11,0,10_RURAL
27,11,11,10_RURAL
28,11,11,10_RURAL
29,11,11,10_RURAL
30,11,11,10_RURAL
31,11,11,10_RURAL
32,11,11,10_RURAL
33,11,11,01_TOLEDO
34,11,11,01_TOLEDO
35,11,11,01_TOLEDO
36,11,0,01_TOLEDO
37,11,11,01_TOLEDO
38,11,11,01_TOLEDO
39,11,11,01_TOLEDO
40,11,0,01_TOLEDO
41,11,11,01_TOLEDO
42,11,11,01_TOLEDO
43,11,11,01_TOLEDO
44,11,11,01_TOLEDO
45,11,11,01_TOLEDO
46,11,11,01_TOLEDO
47,11,11,01_TOLEDO
48,11,0,01_TOLEDO
49,11,11,01_TOLEDO
50,11,11,01_TOLEDO
51,11,11,01_TOLEDO
52,11,11,01_TOLEDO
53,11,0,01_TOLEDO
54,11,11,01_TOLEDO
55,11,11,01_TOLEDO
56,11,11,01_TOLEDO
57,11,0,01_TOLEDO
58,11,11,01_TOLEDO
59,11,11,01_TOLEDO
60,11,11,01_TOLEDO
61,11,11,01_TOLEDO
62,13,11,01_TOLEDO
63,11,11,01_TOLEDO
64,11,11,01_TOLEDO
65,11,11,01_TOLEDO
66,11,0,01_TOLEDO
67,15,11,01_TOLEDO
68,11,11,01_TOLEDO
69,11,11,01_TOLEDO
70,11,11,01_TOLEDO
71,11,11,01_TOLEDO
72,11,11,01_TOLEDO
73,11,0,01_TOLEDO
74,11,11,01_TOLEDO
75,11,11,01_TOLEDO
76,11,11,01_TOLEDO
77,11,11,01_TOLEDO
78,11,11,01_TOLEDO
79,11,11,01_TOLEDO
80,11,11,01_TOLEDO
81,12,11,01_TOLEDO
82,11,11,01_TOLEDO
83,11,11,01_TOLEDO
84,11,0,01_TOLEDO
85,11,11,02_LIMA
86,11,11,02_LIMA
87,11,11,02_LIMA
88,11,11,02_LIMA
89,11,11,02_LIMA
90,11,0,02_LIMA
91,11,11,02_LIMA
92,11,11,02_LIMA
93,11,11,02_LIMA
94,11,11,02_LIMA
95,11,11,02_LIMA
96,11,11,02_LIMA
97,11,11,02_LIMA
98,11,11,02_LIMA
99,11,11,02_LIMA
100,11,11,02_LIMA
101,11,11,02_LIMA
102,11,11,02_LIMA
103,11,11,02_LIMA
104,11,11,02_LIMA
105,11,11,02_LIMA
106,11,11,02_LIMA
107,11,11,02_LIMA
108,11,11,02_LIMA
109,11,11,02_LIMA
110,11,11,02_LIMA
111,11,11,02_LIMA
112,11,11,02_LIMA
113,11,11,02_LIMA
114,11,11,02_LIMA
115,11,0,02_LIMA
116,11,11,02_LIMA
117,11,11,02_LIMA
118,11,11,02_LIMA
119,11,11,02_LIMA
120,11,11,02_LIMA
121,11,11,02_LIMA
122,11,11,02_LIMA
123,11,11,02_LIMA
124,16,11,02_LIMA
125,11,11,02_LIMA
126,11,11,02_LIMA
127,11,11,02_LIMA
128,11,11,02_LIMA
129,11,11,02_LIMA
130,11,0,02_LIMA
131,11,11,02_LIMA
132,11,11,02_LIMA
133,11,11,02_LIMA
134,11,11,02_LIMA
135,11,11,02_LIMA
136,11,11,02_LIMA
137,11,11,02_LIMA
138,11,11,02_LIMA
139,11,11,02_LIMA
140,11,11,02_LIMA
141,11,11,02_LIMA
142,11,11,02_LIMA
143,11,11,02_LIMA
144,11,11,02_LIMA
145,13,11,02_LIMA
146,11,11,02_LIMA
147,11,11,02_LIMA
148,11,11,02_LIMA
149,11,11,02_LIMA
150,11,11,02_LIMA
151,11,11,02_LIMA
152,13,11,02_LIMA
153,11,11,02_LIMA
154,11,11,02_LIMA
155,11,11,02_LIMA
156,11,0,02_LIMA
157,11,11,02_LIMA
158,11,11,02_LIMA
159,11,11,02_LIMA
160,11,11,02_LIMA
161,11,11,02_LIMA
162,11,11,02_LIMA
163,11,11,02_LIMA
164,11,11,02_LIMA
165,11,11,02_LIMA
166,11,11,02_LIMA
167,11,11,02_LIMA
168,11,11,02_LIMA
169,11,11,02_LIMA
170,11,11,02_LIMA
171,11,11,02_LIMA
172,11,11,02_LIMA
173,11,11,02_LIMA
174,11,11,02_LIMA
175,11,11,02_LIMA
176,11,11,02_LIMA
177,11,11,02_LIMA
178,11,11,02_LIMA
179,11,11,02_LIMA
180,11,11,02_LIMA
181,11,11,02_LIMA
182,11,11,02_LIMA
183,11,11,02_LIMA
184,11,0,02_LIMA
185,11,11,02_LIMA
186,11,11,02_LIMA
187,11,11,02_LIMA
188,11,11,02_LIMA
189,11,11,02_LIMA
190,11,11,10_RURAL
191,11,11,10_RURAL
192,11,11,10_RURAL
193,11,11,02_LIMA
194,11,11,02_LIMA
195,11,11,02_LIMA
196,11,11,10_RURAL
197,11,11,10_RURAL
198,11,11,02_LIMA
199,11,11,01_TOLEDO
200,11,11,01_TOLEDO
201,11,11,02_LIMA
202,11,11,02_LIMA
203,11,11,02_LIMA
204,11,11,02_LIMA
205,11,11,10_RURAL
206,11,11,02_LIMA
207,11,11,10_RURAL
208,11,11,10_RURAL
209,11,11,10_RURAL
210,11,11,02_LIMA
211,11,11,02_LIMA
212,11,11,10_RURAL
213,11,11,01_TOLEDO
214,11,11,02_LIMA
215,11,11,02_LIMA
216,11,11,10_RURAL
217,11,11,01_TOLEDO
218,11,11,01_TOLEDO
219,11,11,01_TOLEDO
220,11,11,02_LIMA
221,11,11,02_LIMA
222,11,11,01_TOLEDO
223,11,11,10_RURAL
224,11,11,01_TOLEDO
225,11,11,01_TOLEDO
226,11,11,01_TOLEDO
227,13,11,02_LIMA
228,11,11,02_LIMA
229,11,11,10_RURAL
230,11,11,02_LIMA
231,11,11,02_LIMA
232,11,11,02_LIMA
233,11,11,01_TOLEDO
234,11,11,02_LIMA
235,11,11,01_TOLEDO
236,11,11,01_TOLEDO
237,11,11,02_LIMA
238,11,11,02_LIMA
239,11,11,01_TOLEDO
240,11,11,02_LIMA
241,11,11,02_LIMA
242,11,11,02_LIMA
243,11,11,02_LIMA
244,11,11,02_LIMA
245,11,11,02_LIMA
246,11,11,02_LIMA
247,11,11,10_RURAL
248,11,11,01_TOLEDO
249,11,11,02_LIMA
250,11,11,02_LIMA
251,11,11,02_LIMA
252,11,11,02_LIMA
253,11,11,02_LIMA
254,11,11,01_TOLEDO
255,11,11,01_TOLEDO
256,11,11,02_LIMA
257,11,11,02_LIMA
258,11,11,02_LIMA
259,11,11,02_LIMA
260,11,11,01_TOLEDO
261,11,11,02_LIMA
262,11,11,01_TOLEDO
263,11,11,02_LIMA
264,11,11,02_LIMA
265,11,11,02_LIMA
266,11,11,02_LIMA
267,11,11,02_LIMA
268,11,11,02_LIMA
269,11,11,01_TOLEDO
270,11,11,02_LIMA
271,11,11,02_LIMA
272,11,11,10_RURAL
273,11,11,10_RURAL
274,11,11,10_RURAL
275,11,11,10_RURAL
276,11,11,02_LIMA
277,11,11,02_LIMA
278,11,11,02_LIMA
279,11,11,02_LIMA
280,11,11,02_LIMA
281,11,11,02_LIMA
282,11,11,01_TOLEDO
283,11,11,02_LIMA
284,11,11,01_TOLEDO
285,11,11,02_LIMA
286,11,11,02_LIMA
287,11,11,02_LIMA
288,11,11,10_RURAL
289,11,11,02_LIMA
290,11,11,01_TOLEDO
291,11,11,02_LIMA
292,11,11,02_LIMA
293,11,11,10_RURAL
294,11,11,02_LIMA
295,11,11,02_LIMA
296,11,11,02_LIMA
297,11,11,02_LIMA
298,11,11,02_LIMA
299,11,11,01_TOLEDO
300,11,11,01_TOLEDO
301,11,11,02_LIMA
302,11,11,02_LIMA
303,11,11,02_LIMA
304,11,11,10_RURAL
305,11,11,02_LIMA
306,11,11,02_LIMA
307,11,11,10_RURAL
308,11,11,01_TOLEDO
309,11,11,02_LIMA
310,11,11,02_LIMA
311,11,11,02_LIMA
312,11,11,02_LIMA
313,11,11,10_RURAL
314,11,11,02_LIMA
315,11,11,02_LIMA
316,11,11,02_LIMA
317,11,11,01_TOLEDO
318,11,11,02_LIMA
319,11,11,02_LIMA
320,11,11,01_TOLEDO
321,11,11,02_LIMA
322,11,11,01_TOLEDO
323,11,11,02_LIMA
324,11,11,02_LIMA
325,11,11,10_RURAL
326,11,11,10_RURAL
327,11,11,01_TOLEDO
328,11,11,01_TOLEDO
329,11,11,02_LIMA
330,11,11,01_TOLEDO
331,13,11,02_LIMA
332,11,11,01_TOLEDO
333,11,11,01_TOLEDO
334,11,11,02_LIMA
335,11,11,02_LIMA
336,11,11,02_LIMA
337,11,11,02_LIMA
338,11,11,02_LIMA
339,11,11,02_LIMA
340,11,11,01_TOLEDO
341,11,11,02_LIMA
342,11,11,02_LIMA
343,11,11,02_LIMA
344,11,11,02_LIMA
345,11,11,02_LIMA
346,11,11,02_LIMA
347,11,11,02_LIMA
348,11,11,01_TOLEDO
349,11,11,01_TOLEDO
350,11,11,02_LIMA
351,11,11,02_LIMA
352,11,11,02_LIMA
353,11,11,02_LIMA
354,11,11,02_LIMA
355,11,11,02_LIMA
356,11,11,02_LIMA
357,11,11,02_LIMA
358,11,11,01_TOLEDO
359,11,11,02_LIMA
360,11,11,10_RURAL
361,11,11,01_TOLEDO
362,11,11,01_TOLEDO
363,11,11,02_LIMA
364,11,11,02_LIMA
365,11,11,10_RURAL
366,11,11,02_LIMA
367,11,11,02_LIMA
368,11,11,01_TOLEDO
369,11,11,10_RURAL
370,11,11,10_RURAL
371,11,11,10_RURAL
372,11,11,01_TOLEDO
373,11,11,02_LIMA
374,11,11,02_LIMA
375,11,11,02_LIMA
376,11,11,02_LIMA
377,11,11,02_LIMA
378,11,11,02_LIMA
379,11,11,02_LIMA
380,11,11,02_LIMA
381,11,11,01_TOLEDO
382,11,11,02_LIMA
383,11,11,01_TOLEDO
384,11,11,01_TOLEDO
385,11,11,02_LIMA
386,11,11,02_LIMA
387,11,11,01_TOLEDO
388,11,11,01_TOLEDO
389,11,11,01_TOLEDO
390,11,11,01_TOLEDO
391,15,11,01_TOLEDO
392,11,11,02_LIMA
393,11,11,02_LIMA
394,16,11,02_LIMA
395,11,11,02_LIMA
396,11,11,02_LIMA
397,11,11,02_LIMA
398,11,11,02_LIMA
399,11,11,02_LIMA
400,11,11,02_LIMA
401,11,11,01_TOLEDO
402,11,11,01_TOLEDO
403,11,11,02_LIMA
404,11,11,02_LIMA
405,11,11,02_LIMA
406,11,11,01_TOLEDO
407,11,11,01_TOLEDO
408,11,11,02_LIMA
409,11,11,02_LIMA
410,11,11,02_LIMA
411,11,11,01_TOLEDO
412,11,11,01_TOLEDO
413,11,11,01_TOLEDO
414,11,11,02_LIMA
415,11,11,01_TOLEDO
416,11,11,02_LIMA
417,11,11,01_TOLEDO
418,11,11,10_RURAL
419,11,11,02_LIMA
420,11,11,02_LIMA
421,11,11,01_TOLEDO
422,11,11,01_TOLEDO
423,11,11,02_LIMA
424,11,11,02_LIMA
425,11,11,02_LIMA
426,11,11,02_LIMA
427,11,11,02_LIMA
428,11,11,02_LIMA
429,11,11,02_LIMA
430,11,11,02_LIMA
431,11,11,02_LIMA
432,11,11,02_LIMA
433,11,11,02_LIMA
434,11,11,02_LIMA
435,11,11,02_LIMA
436,11,11,02_LIMA
437,12,11,02_LIMA
438,11,11,02_LIMA
439,11,11,01_TOLEDO
440,13,13,10_RURAL
441,11,12,10_RURAL
442,11,11,10_RURAL
443,11,11,10_RURAL
444,11,11,01_TOLEDO
445,11,11,02_LIMA
446,11,11,02_LIMA
447,11,11,02_LIMA
448,11,11,02_LIMA
449,13,13,10_RURAL
450,11,11,01_TOLEDO
451,11,11,10_RURAL
452,11,11,10_RURAL
453,14,11,10_RURAL
454,14,14,10_RURAL
455,14,14,10_RURAL
456,11,11,01_TOLEDO
457,11,11,01_TOLEDO
458,11,11,02_LIMA
459,11,11,02_LIMA
460,11,11,02_LIMA
461,11,11,02_LIMA
462,11,11,02_LIMA
463,11,11,02_LIMA
464,11,11,02_LIMA
465,11,11,02_LIMA
466,11,11,02_LIMA
467,11,11,10_RURAL
468,11,11,01_TOLEDO
469,11,11,01_TOLEDO
470,12,11,10_RURAL
471,11,11,10_RURAL
472,11,11,01_TOLEDO
473,11,11,01_TOLEDO
474,11,11,01_TOLEDO
475,11,11,02_LIMA
476,11,11,02_LIMA
477,11,11,02_LIMA
478,11,11,01_TOLEDO
479,11,11,02_LIMA
480,11,11,02_LIMA
481,11,11,01_TOLEDO
482,11,11,01_TOLEDO
483,11,11,01_TOLEDO
484,11,11,01_TOLEDO
485,11,11,10_RURAL
486,11,11,10_RURAL
487,11,11,10_RURAL
488,11,11,10_RURAL
489,11,11,01_TOLEDO
490,11,11,01_TOLEDO
491,11,11,01_TOLEDO
492,11,11,01_TOLEDO
493,11,11,02_LIMA
494,11,11,02_LIMA
495,11,11,02_LIMA
496,11,11,02_LIMA
497,11,11,02_LIMA
498,11,11,02_LIMA
499,11,11,02_LIMA
500,11,11,02_LIMA
501,11,11,02_LIMA
502,11,11,01_TOLEDO
503,13,13,02_LIMA
504,11,11,01_TOLEDO
505,11,11,01_TOLEDO
506,11,11,01_TOLEDO
507,11,11,01_TOLEDO
508,11,11,01_TOLEDO
509,11,11,10_RURAL
510,11,11,10_RURAL
511,11,11,10_RURAL
512,11,11,01_TOLEDO
513,11,11,01_TOLEDO
514,11,11,01_TOLEDO
515,11,11,01_TOLEDO
516,11,11,02_LIMA
517,11,11,01_TOLEDO
518,11,11,02_LIMA
519,11,11,02_LIMA
520,11,11,01_TOLEDO
521,11,11,02_LIMA
522,11,11,01_TOLEDO
523,11,11,10_RURAL
524,11,11,01_TOLEDO
525,11,11,01_TOLEDO
526,11,11,01_TOLEDO
527,11,11,02_LIMA
528,11,11,02_LIMA
529,11,11,02_LIMA
530,14,11,02_LIMA
531,11,14,02_LIMA
532,11,11,02_LIMA
533,11,11,02_LIMA
534,11,11,02_LIMA
535,11,11,01_TOLEDO
536,11,11,02_LIMA
537,11,11,01_TOLEDO
538,11,11,01_TOLEDO
539,11,11,01_TOLEDO
540,11,11,01_TOLEDO
541,11,11,01_TOLEDO
542,11,11,01_TOLEDO
543,11,11,01_TOLEDO
544,11,11,02_LIMA
545,11,11,02_LIMA
546,11,11,02_LIMA
547,11,11,01_TOLEDO
548,11,11,02_LIMA
549,11,11,02_LIMA
550,11,11,02_LIMA
551,11,11,10_RURAL
552,11,11,01_TOLEDO
553,11,11,01_TOLEDO
554,11,11,01_TOLEDO
555,11,11,01_TOLEDO
556,11,11,01_TOLEDO
557,11,11,01_TOLEDO
558,11,11,01_TOLEDO
559,11,11,01_TOLEDO
560,11,11,02_LIMA
561,11,11,02_LIMA
562,11,11,02_LIMA
563,11,11,02_LIMA
564,11,11,02_LIMA
565,11,11,02_LIMA
566,11,11,02_LIMA
567,11,11,02_LIMA
568,11,11,02_LIMA
569,11,11,02_LIMA
570,11,11,02_LIMA
571,11,11,02_LIMA
572,11,11,02_LIMA
573,11,11,02_LIMA
574,11,11,01_TOLEDO
575,11,11,01_TOLEDO
576,11,11,01_TOLEDO
577,11,11,01_TOLEDO
578,11,11,02_LIMA
579,11,11,02_LIMA
580,11,11,02_LIMA
581,11,11,01_TOLEDO
582,11,11,02_LIMA
583,11,11,02_LIMA
584,11,11,10_RURAL
585,11,11,10_RURAL
586,11,11,10_RURAL
587,11,11,10_RURAL
588,11,11,01_TOLEDO
589,11,11,01_TOLEDO
590,11,11,01_TOLEDO
591,11,11,01_TOLEDO
592,11,11,02_LIMA
593,11,11,02_LIMA
594,11,11,02_LIMA
595,11,11,02_LIMA
596,11,11,02_LIMA
597,11,11,02_LIMA
598,11,11,02_LIMA
599,11,11,02_LIMA
600,11,11,02_LIMA
601,11,11,10_RURAL
602,11,11,10_RURAL
603,11,11,01_TOLEDO
604,11,11,02_LIMA
605,11,11,10_RURAL
606,11,13,10_RURAL
607,11,11,01_TOLEDO
608,11,11,01_TOLEDO
609,11,11,02_LIMA
610,11,11,02_LIMA
611,11,11,02_LIMA
612,11,11,02_LIMA
613,11,11,02_LIMA
614,11,11,02_LIMA
615,11,11,02_LIMA
616,11,11,10_RURAL
617,11,11,10_RURAL
618,11,11,10_RURAL
619,11,11,02_LIMA
620,11,11,01_TOLEDO
621,11,11,10_RURAL
622,11,11,01_TOLEDO
623,11,11,02_LIMA
624,11,11,02_LIMA
625,11,11,02_LIMA
626,11,11,02_LIMA
627,11,11,02_LIMA
628,11,11,02_LIMA
629,11,11,02_LIMA
630,11,11,02_LIMA
631,11,11,02_LIMA
632,11,11,01_TOLEDO
633,11,11,01_TOLEDO
634,11,11,02_LIMA
635,11,11,02_LIMA
636,11,11,10_RURAL
637,11,11,01_TOLEDO
638,11,11,01_TOLEDO
639,11,11,02_LIMA
640,11,11,02_LIMA
641,11,11,01_TOLEDO
642,11,11,01_TOLEDO
643,11,11,02_LIMA
644,11,11,02_LIMA
645,11,11,02_LIMA
646,11,11,10_RURAL
647,11,11,10_RURAL
648,11,11,10_RURAL
649,11,11,10_RURAL
650,11,11,10_RURAL
651,11,11,01_TOLEDO
652,11,11,02_LIMA
653,11,11,02_LIMA
654,11,11,01_TOLEDO
655,11,11,01_TOLEDO
656,11,11,02_LIMA
657,11,11,02_LIMA
658,11,11,01_TOLEDO
659,11,11,01_TOLEDO
660,11,11,01_TOLEDO
661,11,11,01_TOLEDO
662,11,11,01_TOLEDO
663,11,11,01_TOLEDO
664,11,11,01_TOLEDO
665,11,11,02_LIMA
666,11,11,02_LIMA
667,11,13,02_LIMA
668,11,11,02_LIMA
669,11,11,10_RURAL
670,13,11,10_RURAL
671,13,11,10_RURAL
672,11,13,10_RURAL
673,11,13,10_RURAL
674,11,11,10_RURAL
675,11,11,02_LIMA
676,11,11,02_LIMA
677,11,11,01_TOLEDO
678,11,11,01_TOLEDO
679,11,11,01_TOLEDO
680,11,11,01_TOLEDO
681,11,11,01_TOLEDO
682,11,11,01_TOLEDO
683,11,11,02_LIMA
684,11,11,02_LIMA
685,11,11,01_TOLEDO
686,11,11,01_TOLEDO
687,11,11,01_TOLEDO
688,11,11,01_TOLEDO
689,11,11,01_TOLEDO
690,11,11,02_LIMA
691,12,11,02_LIMA
692,13,11,02_LIMA
693,11,11,02_LIMA
694,11,11,02_LIMA
695,11,11,02_LIMA
696,11,11,02_LIMA
697,11,11,10_RURAL
698,11,11,02_LIMA
699,11,11,01_TOLEDO
700,11,11,02_LIMA
701,11,11,02_LIMA
702,11,11,02_LIMA
703,11,11,02_LIMA
704,11,11,02_LIMA
705,11,11,02_LIMA
706,11,11,02_LIMA
707,11,11,02_LIMA
708,11,11,02_LIMA
709,11,11,02_LIMA
710,11,11,10_RURAL
711,11,11,10_RURAL
712,11,11,10_RURAL
713,11,11,01_TOLEDO
714,11,11,01_TOLEDO
715,11,11,01_TOLEDO
716,11,11,01_TOLEDO
717,11,11,01_TOLEDO
718,11,11,02_LIMA
719,11,11,02_LIMA
720,11,11,02_LIMA
721,11,11,02_LIMA
722,11,11,02_LIMA
723,11,11,02_LIMA
724,11,11,10_RURAL
725,11,11,10_RURAL
726,11,11,02_LIMA
727,11,11,02_LIMA
728,11,11,10_RURAL
729,11,11,10_RURAL
730,11,11,02_LIMA
731,11,11,10_RURAL
732,11,11,01_TOLEDO
733,11,11,01_TOLEDO
734,11,11,01_TOLEDO
735,11,11,02_LIMA
736,11,11,02_LIMA
737,11,11,02_LIMA
738,11,11,02_LIMA
739,11,11,02_LIMA
740,13,11,02_LIMA
741,13,11,02_LIMA
742,11,11,01_TOLEDO
743,11,11,01_TOLEDO
744,11,11,01_TOLEDO
745,11,11,01_TOLEDO
746,11,11,01_TOLEDO
747,11,11,02_LIMA
748,11,11,02_LIMA
749,11,11,01_TOLEDO
750,11,11,02_LIMA
751,11,11,01_TOLEDO
752,11,11,01_TOLEDO
753,11,11,01_TOLEDO
754,11,11,01_TOLEDO
755,11,11,01_TOLEDO
756,11,11,01_TOLEDO
757,11,11,02_LIMA
758,11,11,10_RURAL
759,11,11,10_RURAL
760,11,11,10_RURAL
761,11,11,01_TOLEDO
762,11,11,01_TOLEDO
763,11,11,02_LIMA
764,11,11,02_LIMA
765,11,11,02_LIMA
766,11,11,02_LIMA
767,11,11,02_LIMA
768,11,11,01_TOLEDO
769,11,11,01_TOLEDO
770,11,11,10_RURAL
771,11,11,10_RURAL
772,11,11,10_RURAL
773,11,11,01_TOLEDO
774,11,11,01_TOLEDO
775,11,11,01_TOLEDO
776,11,11,01_TOLEDO
777,13,11,01_TOLEDO
778,11,11,02_LIMA
779,11,11,02_LIMA
780,11,11,01_TOLEDO
781,11,11,02_LIMA
782,11,11,02_LIMA
783,11,11,02_LIMA
784,11,11,02_LIMA
785,11,11,02_LIMA
786,11,11,02_LIMA
787,11,11,02_LIMA
788,11,11,02_LIMA
789,11,11,02_LIMA
790,11,11,10_RURAL
791,11,11,01_TOLEDO
792,11,11,02_LIMA
793,11,11,02_LIMA
794,11,11,02_LIMA
795,11,11,02_LIMA
796,11,11,01_TOLEDO
797,11,11,01_TOLEDO
798,11,11,01_TOLEDO
799,11,11,02_LIMA
800,11,11,02_LIMA
801,11,11,02_LIMA
802,11,11,02_LIMA
803,11,11,01_TOLEDO
804,13,13,01_TOLEDO
805,11,11,02_LIMA
806,11,11,02_LIMA
807,11,11,01_TOLEDO
808,11,11,02_LIMA
809,11,11,01_TOLEDO
810,11,11,01_TOLEDO
811,13,13,01_TOLEDO
812,11,11,01_TOLEDO
813,11,11,02_LIMA
814,11,11,02_LIMA
815,11,11,02_LIMA
816,11,11,02_LIMA
817,11,11,02_LIMA
818,11,11,02_LIMA
819,11,11,01_TOLEDO
820,11,11,10_RURAL
821,11,11,02_LIMA
822,11,11,02_LIMA
823,11,11,01_TOLEDO
824,11,11,01_TOLEDO
825,11,11,02_LIMA
826,11,11,02_LIMA
827,11,11,01_TOLEDO
828,11,11,10_RURAL
829,11,11,01_TOLEDO
830,11,11,01_TOLEDO
831,11,11,02_LIMA
832,11,11,02_LIMA
833,11,11,01_TOLEDO
834,11,11,01_TOLEDO
835,11,11,01_TOLEDO
836,11,11,10_RURAL
837,11,11,01_TOLEDO
838,11,11,10_RURAL
839,11,11,01_TOLEDO
840,11,11,01_TOLEDO
841,11,11,01_TOLEDO
842,11,13,02_LIMA
843,11,11,02_LIMA
844,11,0,01_TOLEDO
845,11,0,02_LIMA
846,11,11,01_TOLEDO
847,11,11,01_TOLEDO
848,11,11,01_TOLEDO
849,11,11,01_TOLEDO
850,11,11,01_TOLEDO
851,11,11,01_TOLEDO
852,11,11,10_RURAL
853,11,11,10_RURAL
854,11,11,10_RURAL
855,11,11,10_RURAL
856,11,11,10_RURAL
857,11,11,10_RURAL
858,11,11,10_RURAL
859,11,11,10_RURAL
860,11,11,10_RURAL
861,14,11,10_RURAL
862,14,14,10_RURAL
863,11,11,10_RURAL
864,11,11,10_RURAL
865,11,11,10_RURAL
866,11,11,10_RURAL
867,11,11,10_RURAL
868,11,11,10_RURAL
869,11,11,10_RURAL
870,11,11,10_RURAL
871,11,11,10_RURAL
872,11,11,10_RURAL
873,11,11,10_RURAL
874,11,11,01_TOLEDO
875,11,11,01_TOLEDO
876,11,11,01_TOLEDO
877,11,11,01_TOLEDO
878,11,11,01_TOLEDO
879,11,11,01_TOLEDO
880,11,11,01_TOLEDO
881,11,11,01_TOLEDO
882,11,11,01_TOLEDO
883,11,11,01_TOLEDO
884,11,11,01_TOLEDO
885,11,11,01_TOLEDO
886,11,11,01_TOLEDO
887,11,11,01_TOLEDO
888,11,11,01_TOLEDO
889,11,11,01_TOLEDO
890,11,11,01_TOLEDO
891,11,11,01_TOLEDO
892,11,11,01_TOLEDO
893,11,0,01_TOLEDO
894,11,11,01_TOLEDO
895,11,11,01_TOLEDO
896,11,11,01_TOLEDO
897,11,11,01_TOLEDO
898,11,11,01_TOLEDO
899,11,11,01_TOLEDO
900,11,11,01_TOLEDO
901,11,11,01_TOLEDO
902,11,11,01_TOLEDO
903,11,11,02_LIMA
904,11,11,02_LIMA
905,11,11,02_LIMA
906,11,11,02_LIMA
907,11,11,02_LIMA
908,11,11,02_LIMA
909,11,11,02_LIMA
910,11,11,02_LIMA
911,11,11,02_LIMA
912,11,11,02_LIMA
913,11,11,02_LIMA
914,17,11,02_LIMA
915,14,11,02_LIMA
916,11,11,02_LIMA
917,11,11,02_LIMA
918,11,11,02_LIMA
919,11,11,02_LIMA
920,11,11,02_LIMA
921,11,11,02_LIMA
922,11,11,02_LIMA
923,11,11,02_LIMA
924,11,11,02_LIMA
925,11,11,02_LIMA
926,11,14,02_LIMA
927,11,14,02_LIMA
928,11,11,02_LIMA
929,11,11,02_LIMA
930,11,11,02_LIMA
931,11,11,02_LIMA
932,11,11,02_LIMA
933,11,11,02_LIMA
934,11,11,02_LIMA
935,11,11,02_LIMA
936,11,11,02_LIMA
937,11,11,02_LIMA
938,11,11,02_LIMA
939,11,11,02_LIMA
940,11,11,02_LIMA
941,11,11,02_LIMA
942,11,11,02_LIMA
943,11,11,02_LIMA
944,11,11,02_LIMA
945,11,11,02_LIMA
946,11,11,02_LIMA
947,11,11,02_LIMA
948,11,11,02_LIMA
949,11,11,02_LIMA
950,11,11,02_LIMA
951,16,11,02_LIMA
952,11,11,02_LIMA
953,11,11,02_LIMA
954,11,11,02_LIMA
955,11,11,02_LIMA
956,11,11,02_LIMA
957,11,11,02_LIMA
958,11,11,02_LIMA
959,11,11,02_LIMA
960,11,11,02_LIMA
961,11,11,02_LIMA
962,11,11,02_LIMA
963,11,11,02_LIMA
964,11,11,02_LIMA
965,11,11,02_LIMA
966,11,11,02_LIMA
967,11,11,02_LIMA
968,11,11,02_LIMA
969,11,11,02_LIMA
970,11,11,02_LIMA
971,11,11,02_LIMA
972,11,11,02_LIMA
973,11,11,02_LIMA
974,11,11,02_LIMA
975,11,11,02_LIMA
976,11,11,02_LIMA
977,11,11,02_LIMA
978,11,11,02_LIMA
979,11,11,02_LIMA
980,11,11,02_LIMA
981,11,11,02_LIMA
982,11,11,10_RURAL
983,11,11,10_RURAL
984,11,11,02_LIMA
985,11,11,02_LIMA
986,11,11,01_TOLEDO
987,11,11,02_LIMA
988,11,11,02_LIMA
989,11,11,02_LIMA
990,11,11,02_LIMA
991,11,11,02_LIMA
992,11,11,01_TOLEDO
993,11,11,01_TOLEDO
994,11,11,01_TOLEDO
995,11,11,02_LIMA
996,11,11,02_LIMA
997,11,11,02_LIMA
998,11,11,02_LIMA
999,11,11,02_LIMA
1000,11,11,01_TOLEDO
1001,11,11,02_LIMA
1002,11,11,02_LIMA
1003,11,11,02_LIMA
1004,11,11,02_LIMA
1005,11,11,02_LIMA
1006,11,11,02_LIMA
1007,11,11,02_LIMA
1008,11,11,01_TOLEDO
1009,11,11,02_LIMA
1010,11,11,02_LIMA
1011,11,11,02_LIMA
1012,11,11,02_LIMA
1013,11,11,01_TOLEDO
1014,11,11,02_LIMA
1015,11,11,02_LIMA
1016,11,11,02_LIMA
1017,11,11,02_LIMA
1018,11,11,02_LIMA
1019,11,11,02_LIMA
1020,11,11,01_TOLEDO
1021,11,11,01_TOLEDO
1022,11,11,02_LIMA
1023,13,11,01_TOLEDO
1024,11,11,02_LIMA
1025,11,11,02_LIMA
1026,11,11,02_LIMA
1027,11,11,02_LIMA
1028,11,11,02_LIMA
1029,11,11,02_LIMA
1030,11,11,10_RURAL
1031,11,11,01_TOLEDO
1032,11,11,02_LIMA
1033,11,11,02_LIMA
1034,11,11,02_LIMA
1035,11,11,02_LIMA
1036,11,11,02_LIMA
1037,11,11,02_LIMA
1038,11,11,02_LIMA
1039,11,11,02_LIMA
1040,11,11,02_LIMA
1041,11,11,02_LIMA
1042,11,11,10_RURAL
1043,11,11,02_LIMA
1044,11,11,02_LIMA
1045,11,11,02_LIMA
1046,11,11,02_LIMA
1047,11,11,02_LIMA
1048,11,11,02_LIMA
1049,11,11,02_LIMA
1050,11,11,01_TOLEDO
1051,11,11,10_RURAL
1052,11,11,01_TOLEDO
1053,11,11,01_TOLEDO
1054,11,11,02_LIMA
1055,11,11,02_LIMA
1056,11,11,02_LIMA
1057,11,11,02_LIMA
1058,11,11,10_RURAL
1059,11,11,01_TOLEDO
1060,11,11,02_LIMA
1061,11,11,02_LIMA
1062,11,11,02_LIMA
1063,11,11,02_LIMA
1064,11,11,02_LIMA
1065,11,11,02_LIMA
1066,11,11,01_TOLEDO
1067,11,11,02_LIMA
1068,11,11,02_LIMA
1069,11,11,02_LIMA
1070,11,11,02_LIMA
1071,11,11,02_LIMA
1072,11,11,02_LIMA
1073,11,11,02_LIMA
1074,11,11,02_LIMA
1075,11,11,02_LIMA
1076,11,11,02_LIMA
1077,11,11,02_LIMA
1078,11,11,02_LIMA
1079,11,11,01_TOLEDO
1080,11,11,01_TOLEDO
1081,11,11,02_LIMA
1082,11,11,02_LIMA
1083,11,11,02_LIMA
1084,11,11,02_LIMA
1085,11,11,10_RURAL
1086,11,11,10_RURAL
1087,11,11,02_LIMA
1088,11,11,02_LIMA
1089,11,11,02_LIMA
1090,11,11,01_TOLEDO
1091,11,11,01_TOLEDO
1092,11,11,01_TOLEDO
1093,11,11,02_LIMA
1094,11,11,02_LIMA
1095,11,11,02_LIMA
1096,11,11,02_LIMA
1097,11,11,01_TOLEDO
1098,11,11,02_LIMA
1099,11,11,10_RURAL
1100,11,11,01_TOLEDO
1101,11,11,02_LIMA
1102,11,11,02_LIMA
1103,11,11,02_LIMA
1104,11,11,01_TOLEDO
1105,11,11,01_TOLEDO
1106,11,11,02_LIMA
1107,11,11,02_LIMA
1108,11,11,02_LIMA
1109,11,11,02_LIMA
1110,11,11,01_TOLEDO
1111,11,11,01_TOLEDO
1112,11,11,02_LIMA
1113,11,11,02_LIMA
1114,11,11,10_RURAL
1115,11,11,02_LIMA
1116,11,11,02_LIMA
1117,11,11,02_LIMA
1118,11,11,02_LIMA
1119,11,11,02_LIMA
1120,11,11,01_TOLEDO
1121,11,11,01_TOLEDO
1122,11,11,02_LIMA
1123,11,11,02_LIMA
1124,11,11,02_LIMA
1125,11,11,02_LIMA
1126,11,11,02_LIMA
1127,11,11,01_TOLEDO
1128,11,11,01_TOLEDO
1129,11,11,02_LIMA
1130,11,11,02_LIMA
1131,11,11,01_TOLEDO
1132,11,11,01_TOLEDO
1133,11,11,02_LIMA
1134,11,11,01_TOLEDO
1135,11,11,02_LIMA
1136,11,11,02_LIMA
1137,11,11,01_TOLEDO
1138,11,11,01_TOLEDO
1139,11,11,01_TOLEDO
1140,11,11,01_TOLEDO
1141,11,11,02_LIMA
1142,11,11,02_LIMA
1143,11,11,02_LIMA
1144,11,11,02_LIMA
1145,11,11,02_LIMA
1146,11,11,02_LIMA
1147,11,11,10_RURAL
1148,11,11,10_RURAL
1149,11,11,01_TOLEDO
1150,11,11,01_TOLEDO
1151,11,11,02_LIMA
1152,11,11,02_LIMA
1153,11,11,02_LIMA
1154,11,11,02_LIMA
1155,11,11,02_LIMA
1156,11,11,02_LIMA
1157,11,11,02_LIMA
1158,11,11,02_LIMA
1159,11,11,01_TOLEDO
1160,11,11,01_TOLEDO
1161,11,11,02_LIMA
1162,13,16,02_LIMA
1163,11,11,10_RURAL
1164,11,11,01_TOLEDO
1165,11,11,01_TOLEDO
1166,11,11,01_TOLEDO
1167,11,11,01_TOLEDO
1168,11,11,01_TOLEDO
1169,14,14,02_LIMA
1170,11,11,02_LIMA
1171,11,11,02_LIMA
1172,11,11,02_LIMA
1173,11,11,02_LIMA
1174,11,11,10_RURAL
1175,11,11,10_RURAL
1176,11,11,01_TOLEDO
1177,11,11,01_TOLEDO
1178,11,11,02_LIMA
1179,11,11,02_LIMA
1180,11,11,02_LIMA
1181,11,11,02_LIMA
1182,11,11,02_LIMA
1183,11,11,10_RURAL
1184,11,11,02_LIMA
1185,11,11,02_LIMA
1186,13,16,02_LIMA
1187,11,14,02_LIMA
1188,11,11,02_LIMA
1189,11,11,02_LIMA
1190,11,11,01_TOLEDO
1191,11,11,01_TOLEDO
1192,11,11,01_TOLEDO
1193,13,11,01_TOLEDO
1194,11,11,10_RURAL
1195,14,14,10_RURAL
1196,14,14,10_RURAL
1197,11,11,02_LIMA
1198,14,13,02_LIMA
1199,11,11,01_TOLEDO
1200,14,13,01_TOLEDO
1201,11,11,01_TOLEDO
1202,18,11,01_TOLEDO
1203,11,11,01_TOLEDO
1204,17,14,02_LIMA
1205,11,11,02_LIMA
1206,11,11,02_LIMA
1207,11,11,02_LIMA
1208,11,11,02_LIMA
1209,11,11,02_LIMA
1210,11,11,02_LIMA
1211,11,11,10_RURAL
1212,11,11,02_LIMA
1213,16,16,02_LIMA
1214,11,11,10_RURAL
1215,11,11,01_TOLEDO
1216,11,11,02_LIMA
1217,11,11,02_LIMA
1218,11,11,10_RURAL
1219,11,11,10_RURAL
1220,11,11,01_TOLEDO
1221,11,11,01_TOLEDO
1222,11,11,02_LIMA
1223,11,11,02_LIMA
1224,11,11,01_TOLEDO
1225,11,11,02_LIMA
1226,16,16,02_LIMA
1227,11,11,02_LIMA
1228,11,11,10_RURAL
1229,11,11,02_LIMA
1230,11,11,02_LIMA
1231,11,11,02_LIMA
1232,11,11,02_LIMA
1233,18,11,02_LIMA
1234,18,18,02_LIMA
1235,11,11,02_LIMA
1236,11,11,10_RURAL
1237,11,11,01_TOLEDO
1238,11,11,01_TOLEDO
1239,14,11,02_LIMA
1240,11,11,02_LIMA
1241,11,14,10_RURAL
1242,11,14,10_RURAL
1243,11,11,02_LIMA
1244,11,11,01_TOLEDO
1245,11,11,02_LIMA
1246,11,11,10_RURAL
1247,11,11,01_TOLEDO
1248,11,11,02_LIMA
1249,11,11,01_TOLEDO
1250,11,11,01_TOLEDO
1251,11,11,02_LIMA
1252,11,11,02_LIMA
1253,11,11,02_LIMA
1254,11,11,10_RURAL
1255,11,11,10_RURAL
1256,11,13,10_RURAL
1257,11,11,10_RURAL
1258,11,11,01_TOLEDO
1259,11,11,01_TOLEDO
1260,11,11,01_TOLEDO
1261,11,11,01_TOLEDO
1262,11,11,01_TOLEDO
1263,11,11,01_TOLEDO
1264,11,11,01_TOLEDO
1265,11,11,02_LIMA
1266,11,11,02_LIMA
1267,11,11,02_LIMA
1268,11,11,02_LIMA
1269,11,11,02_LIMA
1270,11,11,02_LIMA
1271,11,11,02_LIMA
1272,11,11,02_LIMA
1273,11,11,01_TOLEDO
1274,11,11,02_LIMA
1275,11,11,02_LIMA
1276,11,11,02_LIMA
1277,11,11,02_LIMA
1278,11,11,02_LIMA
1279,11,11,02_LIMA
1280,11,11,01_TOLEDO
1281,11,11,01_TOLEDO
1282,11,11,01_TOLEDO
1283,11,11,02_LIMA
1284,11,14,02_LIMA
1285,11,11,10_RURAL
1286,11,11,10_RURAL
1287,11,11,10_RURAL
1288,11,11,01_TOLEDO
1289,11,11,01_TOLEDO
1290,11,11,01_TOLEDO
1291,11,13,02_LIMA
1292,11,16,02_LIMA
1293,11,11,02_LIMA
1294,14,11,02_LIMA
1295,11,11,02_LIMA
1296,11,11,02_LIMA
1297,11,11,02_LIMA
1298,11,11,02_LIMA
1299,11,11,02_LIMA
1300,11,11,10_RURAL
1301,11,11,02_LIMA
1302,11,11,02_LIMA
1303,11,11,02_LIMA
1304,14,11,02_LIMA
1305,11,14,02_LIMA
1306,11,11,02_LIMA
1307,11,11,01_TOLEDO
1308,11,11,01_TOLEDO
1309,11,11,02_LIMA
1310,11,11,02_LIMA
1311,11,11,02_LIMA
1312,11,11,10_RURAL
1313,11,11,01_TOLEDO
1314,11,11,02_LIMA
1315,11,11,02_LIMA
1316,11,11,02_LIMA
1317,11,11,01_TOLEDO
1318,11,11,02_LIMA
1319,11,11,02_LIMA
1320,11,11,02_LIMA
1321,11,11,02_LIMA
1322,11,11,02_LIMA
1323,11,11,02_LIMA
1324,11,11,10_RURAL
1325,11,11,02_LIMA
1326,11,13,02_LIMA
1327,11,11,02_LIMA
1328,11,11,02_LIMA
1329,11,11,10_RURAL
1330,11,11,02_LIMA
1331,11,11,02_LIMA
1332,11,11,02_LIMA
1333,11,11,01_TOLEDO
1334,11,11,10_RURAL
1335,11,11,02_LIMA
1336,11,11,02_LIMA
1337,11,11,02_LIMA
1338,11,11,02_LIMA
1339,11,11,02_LIMA
1340,11,11,02_LIMA
1341,11,13,10_RURAL
1342,11,11,02_LIMA
1343,11,11,02_LIMA
1344,11,11,02_LIMA
1345,11,11,02_LIMA
1346,11,11,10_RURAL
1347,11,11,02_LIMA
1348,11,11,02_LIMA
1349,11,11,02_LIMA
1350,11,11,02_LIMA
1351,11,11,02_LIMA
1352,11,11,02_LIMA
1353,11,11,02_LIMA
1354,11,11,02_LIMA
1355,11,11,02_LIMA
1356,11,11,02_LIMA
1357,11,11,02_LIMA
1358,11,11,10_RURAL
1359,11,11,10_RURAL
1360,11,11,01_TOLEDO
1361,11,11,01_TOLEDO
1362,11,11,01_TOLEDO
1363,11,11,01_TOLEDO
1364,11,11,02_LIMA
1365,11,11,01_TOLEDO
1366,11,11,01_TOLEDO
1367,11,11,10_RURAL
1368,11,13,10_RURAL
1369,11,11,10_RURAL
1370,11,11,01_TOLEDO
1371,11,11,02_LIMA
1372,11,11,02_LIMA
1373,11,11,02_LIMA
1374,11,11,01_TOLEDO
1375,11,11,02_LIMA
1376,11,11,02_LIMA
1377,11,11,02_LIMA
1378,11,11,01_TOLEDO
1379,11,11,02_LIMA
1380,11,11,02_LIMA
1381,11,11,02_LIMA
1382,11,11,02_LIMA
1383,11,11,01_TOLEDO
1384,11,11,01_TOLEDO
1385,11,11,02_LIMA
1386,11,11,02_LIMA
1387,11,11,10_RURAL
1388,11,11,01_TOLEDO
1389,11,11,01_TOLEDO
1390,11,11,01_TOLEDO
1391,11,11,01_TOLEDO
1392,11,11,10_RURAL
1393,11,11,02_LIMA
1394,11,11,02_LIMA
1395,11,11,02_LIMA
1396,11,11,01_TOLEDO
1397,11,11,01_TOLEDO
1398,11,11,02_LIMA
1399,11,11,02_LIMA
1400,11,11,01_TOLEDO
1401,11,11,02_LIMA
1402,11,11,02_LIMA
1403,11,11,10_RURAL
1404,11,11,10_RURAL
1405,11,11,10_RURAL
1406,11,11,10_RURAL
1407,11,11,10_RURAL
1408,11,11,10_RURAL
1409,11,11,10_RURAL
1410,11,11,10_RURAL
1411,11,11,10_RURAL
1412,11,11,01_TOLEDO
1413,11,11,01_TOLEDO
1414,11,11,01_TOLEDO
1415,11,11,01_TOLEDO
1416,11,11,01_TOLEDO
1417,11,11,01_TOLEDO
1418,11,11,01_TOLEDO
1419,11,11,01_TOLEDO
1420,11,11,01_TOLEDO
1421,11,11,01_TOLEDO
1422,11,11,01_TOLEDO
1423,11,11,01_TOLEDO
1424,11,11,01_TOLEDO
1425,11,11,01_TOLEDO
1426,11,11,01_TOLEDO
1427,11,11,01_TOLEDO
1428,11,11,01_TOLEDO
1429,11,11,01_TOLEDO
1430,11,11,01_TOLEDO
1431,11,11,01_TOLEDO
1432,11,11,01_TOLEDO
1433,11,11,01_TOLEDO
1434,11,11,01_TOLEDO
1435,11,11,01_TOLEDO
1436,11,11,01_TOLEDO
1437,11,11,01_TOLEDO
1438,11,11,01_TOLEDO
1439,11,11,01_TOLEDO
1440,11,11,01_TOLEDO
1441,11,11,01_TOLEDO
1442,11,11,01_TOLEDO
1443,11,11,01_TOLEDO
1444,11,11,01_TOLEDO
1445,11,11,02_LIMA
1446,11,11,02_LIMA
1447,11,11,02_LIMA
1448,11,11,02_LIMA
1449,11,11,02_LIMA
1450,11,11,02_LIMA
1451,11,11,02_LIMA
1452,11,11,02_LIMA
1453,11,11,02_LIMA
1454,11,11,02_LIMA
1455,18,11,02_LIMA
1456,11,11,02_LIMA
1457,11,11,02_LIMA
1458,11,11,02_LIMA
1459,11,11,02_LIMA
1460,11,11,02_LIMA
1461,11,11,02_LIMA
1462,11,11,02_LIMA
1463,11,11,02_LIMA
1464,11,11,02_LIMA
1465,11,11,02_LIMA
1466,11,11,02_LIMA
1467,11,11,02_LIMA
1468,11,11,02_LIMA
1469,11,11,02_LIMA
1470,11,11,02_LIMA
1471,11,11,02_LIMA
1472,11,11,02_LIMA
1473,11,11,02_LIMA
1474,11,11,02_LIMA
1475,11,11,02_LIMA
1476,11,11,02_LIMA
1477,11,11,02_LIMA
1478,11,11,02_LIMA
1479,11,11,02_LIMA
1480,11,11,02_LIMA
1481,11,11,02_LIMA
1482,11,11,02_LIMA
1483,11,11,02_LIMA
1484,11,11,02_LIMA
1485,11,11,02_LIMA
1486,11,11,02_LIMA
1487,11,11,02_LIMA
1488,11,11,02_LIMA
1489,11,11,02_LIMA
1490,11,11,10_RURAL
1491,11,11,02_LIMA
1492,11,11,02_LIMA
1493,11,11,02_LIMA
1494,11,11,02_LIMA
1495,11,11,02_LIMA
1496,11,11,01_TOLEDO
1497,11,11,02_LIMA
1498,11,11,02_LIMA
1499,11,11,02_LIMA
1500,11,11,02_LIMA
1501,11,11,02_LIMA
1502,12,11,10_RURAL
1503,11,11,02_LIMA
1504,12,12,10_RURAL
1505,11,11,02_LIMA
1506,11,11,10_RURAL
1507,11,11,02_LIMA
1508,11,11,02_LIMA
1509,11,11,10_RURAL
1510,11,11,10_RURAL
1511,11,11,10_RURAL
1512,11,11,01_TOLEDO
1513,11,11,02_LIMA
1514,11,11,02_LIMA
1515,11,11,02_LIMA
1516,11,11,01_TOLEDO
1517,12,12,10_RURAL
1518,11,11,01_TOLEDO
1519,11,11,01_TOLEDO
1520,11,12,01_TOLEDO
1521,11,11,01_TOLEDO
1522,11,11,01_TOLEDO
1523,11,11,02_LIMA
1524,11,11,02_LIMA
1525,11,11,10_RURAL
1526,11,11,01_TOLEDO
1527,11,11,01_TOLEDO
1528,11,11,01_TOLEDO
1529,11,11,02_LIMA
1530,11,11,01_TOLEDO
1531,11,11,01_TOLEDO
1532,11,11,01_TOLEDO
1533,11,11,01_TOLEDO
1534,11,11,02_LIMA
1535,11,11,02_LIMA
1536,11,11,02_LIMA
1537,11,11,01_TOLEDO
1538,11,11,01_TOLEDO
1539,11,11,02_LIMA
1540,11,11,01_TOLEDO
1541,11,11,01_TOLEDO
1542,11,11,10_RURAL
1543,11,11,01_TOLEDO
1544,11,11,01_TOLEDO
1545,11,11,02_LIMA
1546,11,11,01_TOLEDO
1547,11,11,01_TOLEDO
1548,11,11,01_TOLEDO
1549,11,11,01_TOLEDO
1550,11,11,02_LIMA
1551,11,11,02_LIMA
1552,11,11,02_LIMA
1553,11,11,02_LIMA
1554,11,11,01_TOLEDO
1555,11,11,01_TOLEDO
1556,11,11,02_LIMA
1557,11,11,02_LIMA
1558,11,11,02_LIMA
1559,11,11,10_RURAL
1560,11,11,01_TOLEDO
1561,11,11,02_LIMA
1562,11,11,01_TOLEDO
1563,11,11,02_LIMA
1564,11,11,02_LIMA
1565,11,11,02_LIMA
1566,11,11,02_LIMA
1567,11,11,01_TOLEDO
1568,11,11,01_TOLEDO
1569,11,11,02_LIMA
1570,11,11,10_RURAL
1571,11,11,10_RURAL
1572,11,11,01_TOLEDO
1573,11,11,01_TOLEDO
1574,11,11,02_LIMA
1575,12,12,10_RURAL
1576,11,11,01_TOLEDO
1577,11,11,01_TOLEDO
1578,11,11,02_LIMA
1579,11,11,02_LIMA
1580,11,11,10_RURAL
1581,11,11,02_LIMA
1582,11,11,02_LIMA
1583,11,11,01_TOLEDO
1584,11,11,02_LIMA
1585,11,11,02_LIMA
1586,11,11,02_LIMA
1587,11,11,01_TOLEDO
1588,11,11,10_RURAL
1589,11,11,01_TOLEDO
1590,11,11,01_TOLEDO
1591,11,11,01_TOLEDO
1592,11,11,01_TOLEDO
1593,11,11,01_TOLEDO
1594,11,11,01_TOLEDO
1595,11,11,01_TOLEDO
1596,11,11,02_LIMA
1597,11,11,10_RURAL
1598,11,11,01_TOLEDO
1599,11,11,01_TOLEDO
1600,11,11,02_LIMA
1601,11,11,02_LIMA
1602,11,11,10_RURAL
1603,11,11,01_TOLEDO
1604,11,11,01_TOLEDO
1605,11,11,02_LIMA
1606,11,11,02_LIMA
1607,11,11,02_LIMA
1608,11,11,10_RURAL
1609,11,11,10_RURAL
1610,11,11,02_LIMA
1611,11,11,02_LIMA
1612,11,11,02_LIMA
1613,11,11,01_TOLEDO
1614,11,11,01_TOLEDO
1615,11,11,01_TOLEDO
1616,11,11,01_TOLEDO
1617,11,11,01_TOLEDO
1618,11,11,02_LIMA
1619,11,11,02_LIMA
1620,11,11,02_LIMA
1621,11,11,10_RURAL
1622,11,11,10_RURAL
1623,11,11,01_TOLEDO
1624,11,11,01_TOLEDO
1625,11,11,02_LIMA
1626,11,11,02_LIMA
1627,11,11,01_TOLEDO
1628,11,11,02_LIMA
1629,11,11,02_LIMA
1630,11,11,02_LIMA
1631,11,11,02_LIMA
1632,11,11,02_LIMA
1633,11,11,02_LIMA
1634,11,11,02_LIMA
1635,11,11,10_RURAL
1636,11,11,10_RURAL
1637,11,11,01_TOLEDO
1638,11,11,02_LIMA
1639,11,11,02_LIMA
1640,11,11,01_TOLEDO
1641,11,11,01_TOLEDO
1642,11,11,01_TOLEDO
1643,11,11,01_TOLEDO
1644,11,11,02_LIMA
1645,11,11,02_LIMA
1646,11,11,02_LIMA
1647,11,11,02_LIMA
1648,11,11,02_LIMA
1649,11,11,02_LIMA
1650,11,11,01_TOLEDO
1651,11,11,01_TOLEDO
1652,11,11,01_TOLEDO
1653,11,11,01_TOLEDO
1654,11,11,01_TOLEDO
1655,11,11,02_LIMA
1656,11,11,02_LIMA
1657,11,11,02_LIMA
1658,11,11,02_LIMA
1659,11,11,02_LIMA
1660,11,11,02_LIMA
1661,11,11,02_LIMA
1662,11,11,02_LIMA
1663,11,11,02_LIMA
1664,11,11,02_LIMA
1665,11,11,02_LIMA
1666,11,11,02_LIMA
1667,11,11,02_LIMA
1668,11,11,02_LIMA
1669,11,11,02_LIMA
1670,11,11,02_LIMA
1671,11,11,10_RURAL
1672,11,11,02_LIMA
1673,11,11,02_LIMA
1674,11,11,01_TOLEDO
1675,11,11,02_LIMA
1676,11,11,02_LIMA
1677,11,11,02_LIMA
1678,11,11,02_LIMA
1679,11,11,01_TOLEDO
1680,11,11,02_LIMA
1681,11,11,10_RURAL
1682,11,11,02_LIMA
1683,11,11,01_TOLEDO
1684,11,11,01_TOLEDO
1685,11,11,01_TOLEDO
1686,11,11,02_LIMA
1687,11,11,02_LIMA
1688,11,11,02_LIMA
1689,11,11,02_LIMA
1690,11,11,02_LIMA
1691,11,11,02_LIMA
1692,11,11,10_RURAL
1693,12,12,10_RURAL
1694,11,11,01_TOLEDO
1695,11,11,01_TOLEDO
1696,11,11,02_LIMA
1697,11,11,02_LIMA
1698,11,11,02_LIMA
1699,11,11,02_LIMA
1700,11,11,02_LIMA
1701,11,11,01_TOLEDO
1702,11,11,01_TOLEDO
1703,11,11,10_RURAL
1704,11,11,02_LIMA
1705,11,11,01_TOLEDO
1706,11,11,01_TOLEDO
1707,11,11,02_LIMA
1708,11,11,02_LIMA
1709,11,11,02_LIMA
1710,11,11,02_LIMA
1711,11,11,02_LIMA
1712,11,11,02_LIMA
1713,11,11,02_LIMA
1714,11,11,02_LIMA
1715,11,11,02_LIMA
1716,11,11,02_LIMA
1717,11,11,01_TOLEDO
1718,11,11,01_TOLEDO
1719,11,11,02_LIMA
1720,11,11,02_LIMA
1721,11,11,01_TOLEDO
1722,11,12,10_RURAL
1723,11,12,10_RURAL
1724,11,11,10_RURAL
1725,11,11,10_RURAL
1726,11,11,02_LIMA
1727,11,11,02_LIMA
1728,11,11,01_TOLEDO
1729,11,11,02_LIMA
1730,11,11,02_LIMA
1731,11,11,02_LIMA
1732,11,11,10_RURAL
1733,11,11,10_RURAL
1734,11,11,01_TOLEDO
1735,11,11,01_TOLEDO
1736,11,11,02_LIMA
1737,11,11,02_LIMA
1738,11,11,02_LIMA
1739,11,11,01_TOLEDO
1740,11,11,02_LIMA
1741,11,11,02_LIMA
1742,11,11,02_LIMA
1743,11,11,02_LIMA
1744,11,11,01_TOLEDO
1745,11,11,02_LIMA
1746,11,11,02_LIMA
1747,11,11,01_TOLEDO
1748,11,11,01_TOLEDO
1749,11,11,02_LIMA
1750,11,11,02_LIMA
1751,11,11,01_TOLEDO
1752,11,11,02_LIMA
1753,11,11,01_TOLEDO
1754,11,11,02_LIMA
1755,11,11,01_TOLEDO
1756,11,11,01_TOLEDO
1757,11,11,01_TOLEDO
1758,11,11,02_LIMA
1759,11,11,01_TOLEDO
1760,11,11,01_TOLEDO
1761,11,11,01_TOLEDO
1762,11,11,02_LIMA
1763,11,11,02_LIMA
1764,11,11,02_LIMA
1765,11,11,01_TOLEDO
1766,11,11,01_TOLEDO
1767,11,11,01_TOLEDO
1768,11,11,02_LIMA
1769,11,11,02_LIMA
1770,11,11,01_TOLEDO
1771,11,11,01_TOLEDO
1772,11,11,01_TOLEDO
1773,11,11,02_LIMA
1774,11,12,10_RURAL
1775,11,12,10_RURAL
1776,11,11,02_LIMA
1777,11,11,02_LIMA
1778,11,11,02_LIMA
1779,11,11,01_TOLEDO
1780,11,11,01_TOLEDO
1781,11,11,01_TOLEDO
1782,13,11,02_LIMA
1783,11,11,02_LIMA
1784,11,11,02_LIMA
1785,11,11,01_TOLEDO
1786,11,11,01_TOLEDO
1787,11,11,02_LIMA
1788,11,11,10_RURAL
1789,11,11,10_RURAL
1790,11,11,10_RURAL
1791,11,11,01_TOLEDO
1792,11,11,01_TOLEDO
1793,11,11,01_TOLEDO
1794,11,11,01_TOLEDO
1795,11,11,01_TOLEDO
1796,11,11,01_TOLEDO
1797,11,11,01_TOLEDO
1798,11,11,01_TOLEDO
1799,11,11,01_TOLEDO
1800,11,11,01_TOLEDO
1801,11,11,01_TOLEDO
1802,13,11,01_TOLEDO
1803,11,11,01_TOLEDO
1804,11,11,01_TOLEDO
1805,11,11,01_TOLEDO
1806,11,11,01_TOLEDO
1807,11,11,01_TOLEDO
1808,11,11,01_TOLEDO
1809,11,11,01_TOLEDO
1810,11,11,01_TOLEDO
1811,11,11,01_TOLEDO
1812,11,11,01_TOLEDO
1813,11,11,01_TOLEDO
1814,11,11,01_TOLEDO
1815,11,11,01_TOLEDO
1816,11,11,01_TOLEDO
1817,11,11,01_TOLEDO
1818,14,11,01_TOLEDO
1819,11,11,01_TOLEDO
1820,11,11,01_TOLEDO
1821,11,11,01_TOLEDO
1822,11,11,01_TOLEDO
1823,11,11,01_TOLEDO
1824,11,11,02_LIMA
1825,11,11,02_LIMA
1826,11,11,02_LIMA
1827,11,11,02_LIMA
1828,11,11,02_LIMA
1829,11,11,02_LIMA
1830,11,11,02_LIMA
1831,11,11,02_LIMA
1832,11,11,02_LIMA
1833,11,11,02_LIMA
1834,11,11,02_LIMA
1835,11,11,02_LIMA
1836,13,11,02_LIMA
1837,11,11,02_LIMA
1838,11,11,02_LIMA
1839,11,11,02_LIMA
1840,11,11,02_LIMA
1841,11,11,02_LIMA
1842,11,11,02_LIMA
1843,11,11,02_LIMA
1844,11,11,02_LIMA
1845,11,11,02_LIMA
1846,11,11,02_LIMA
1847,11,11,02_LIMA
1848,11,11,02_LIMA
1849,11,11,02_LIMA
1850,11,11,02_LIMA
1851,11,11,02_LIMA
1852,11,11,02_LIMA
1853,11,11,02_LIMA
1854,11,11,02_LIMA
1855,11,11,02_LIMA
1856,11,11,02_LIMA
1857,11,14,02_LIMA
1858,11,14,02_LIMA
1859,11,11,02_LIMA
1860,11,11,02_LIMA
1861,11,11,02_LIMA
1862,11,11,02_LIMA
1863,11,11,02_LIMA
1864,11,11,02_LIMA
1865,11,11,02_LIMA
1866,11,11,02_LIMA
1867,11,11,02_LIMA
1868,11,11,02_LIMA
1869,11,11,02_LIMA
1870,11,11,02_LIMA
1871,11,11,02_LIMA
1872,11,11,02_LIMA
1873,11,11,02_LIMA
1874,11,11,02_LIMA
1875,11,11,02_LIMA
1876,11,11,02_LIMA
1877,11,11,02_LIMA
1878,11,11,02_LIMA
1879,11,11,02_LIMA
1880,11,11,02_LIMA
1881,11,11,02_LIMA
1882,11,11,02_LIMA
1883,11,11,02_LIMA
1884,11,11,02_LIMA
1885,11,11,02_LIMA
1886,11,11,02_LIMA
1887,11,11,02_LIMA
1888,11,11,02_LIMA
1889,11,11,02_LIMA
1890,11,11,02_LIMA
1891,11,11,02_LIMA
1892,11,11,02_LIMA
1893,11,11,02_LIMA
1894,11,11,02_LIMA
1895,11,11,02_LIMA
1896,11,11,02_LIMA
1897,11,11,02_LIMA
1898,11,11,02_LIMA
1899,11,11,02_LIMA
1900,11,11,02_LIMA
1901,11,11,02_LIMA
1902,11,11,02_LIMA
1903,11,11,02_LIMA
1904,11,11,02_LIMA
1905,15,11,02_LIMA
1906,13,11,02_LIMA
1907,11,11,02_LIMA
1908,11,11,02_LIMA
1909,11,11,02_LIMA
1910,11,11,02_LIMA
1911,11,11,02_LIMA
1912,11,11,02_LIMA
1913,11,11,02_LIMA
1914,11,11,01_TOLEDO
1915,11,11,01_TOLEDO
1916,11,11,01_TOLEDO
1917,11,11,02_LIMA
1918,11,11,02_LIMA
1919,11,11,02_LIMA
1920,11,11,02_LIMA
1921,11,11,01_TOLEDO
1922,11,11,02_LIMA
1923,11,11,02_LIMA
1924,11,11,02_LIMA
1925,11,11,01_TOLEDO
1926,11,11,02_LIMA
1927,11,11,02_LIMA
1928,11,11,02_LIMA
1929,11,11,01_TOLEDO
1930,11,11,02_LIMA
1931,11,11,02_LIMA
1932,11,11,01_TOLEDO
1933,11,11,01_TOLEDO
1934,11,11,02_LIMA
1935,11,11,01_TOLEDO
1936,11,13,02_LIMA
1937,11,11,01_TOLEDO
1938,11,11,01_TOLEDO
1939,11,11,02_LIMA
1940,11,11,02_LIMA
1941,11,11,02_LIMA
1942,11,11,01_TOLEDO
1943,11,11,02_LIMA
1944,11,11,02_LIMA
1945,11,11,01_TOLEDO
1946,11,11,01_TOLEDO
1947,11,11,01_TOLEDO
1948,11,11,02_LIMA
1949,11,11,01_TOLEDO
1950,11,11,01_TOLEDO
1951,11,11,02_LIMA
1952,11,11,02_LIMA
1953,11,11,02_LIMA
1954,11,11,01_TOLEDO
1955,11,11,01_TOLEDO
1956,11,11,01_TOLEDO
1957,11,11,02_LIMA
1958,11,11,02_LIMA
1959,11,11,01_TOLEDO
1960,11,11,01_TOLEDO
1961,11,11,01_TOLEDO
1962,11,11,01_TOLEDO
1963,11,11,02_LIMA
1964,11,11,01_TOLEDO
1965,11,11,02_LIMA
1966,11,11,01_TOLEDO
1967,11,11,02_LIMA
1968,11,11,02_LIMA
1969,11,11,02_LIMA
1970,11,11,01_TOLEDO
1971,11,11,02_LIMA
1972,11,11,02_LIMA
1973,11,11,01_TOLEDO
1974,11,11,01_TOLEDO
1975,11,11,02_LIMA
1976,11,11,02_LIMA
1977,11,11,02_LIMA
1978,11,11,02_LIMA
1979,11,11,02_LIMA
1980,11,11,02_LIMA
1981,11,11,02_LIMA
1982,11,11,01_TOLEDO
1983,11,11,01_TOLEDO
1984,11,11,02_LIMA
1985,11,11,02_LIMA
1986,11,11,01_TOLEDO
1987,11,11,02_LIMA
1988,11,11,02_LIMA
1989,11,11,02_LIMA
1990,11,11,01_TOLEDO
1991,11,11,01_TOLEDO
1992,11,11,01_TOLEDO
1993,11,11,01_TOLEDO
1994,11,11,02_LIMA
1995,11,11,02_LIMA
1996,11,11,02_LIMA
1997,11,11,01_TOLEDO
1998,11,11,02_LIMA
1999,11,11,02_LIMA
2000,11,11,02_LIMA
2001,11,11,02_LIMA
2002,11,11,02_LIMA
2003,11,11,01_TOLEDO
2004,11,11,02_LIMA
2005,11,11,02_LIMA
2006,11,11,01_TOLEDO
2007,11,11,01_TOLEDO
2008,11,11,02_LIMA
2009,11,11,02_LIMA
2010,11,11,02_LIMA
2011,11,11,02_LIMA
2012,11,11,02_LIMA
2013,11,11,01_TOLEDO
2014,11,11,01_TOLEDO
2015,11,11,02_LIMA
2016,11,11,01_TOLEDO
2017,11,11,02_LIMA
2018,11,11,02_LIMA
2019,11,11,02_LIMA
2020,11,11,02_LIMA
2021,11,11,02_LIMA
2022,11,11,02_LIMA
2023,11,11,01_TOLEDO
2024,13,11,01_TOLEDO
2025,11,11,01_TOLEDO
2026,11,11,02_LIMA
2027,11,11,02_LIMA
2028,11,11,02_LIMA
2029,11,13,02_LIMA
2030,11,11,02_LIMA
2031,11,11,02_LIMA
2032,11,11,01_TOLEDO
2033,11,11,01_TOLEDO
2034,11,11,02_LIMA
2035,11,11,02_LIMA
2036,11,11,02_LIMA
2037,11,11,02_LIMA
2038,11,11,01_TOLEDO
2039,11,11,01_TOLEDO
2040,11,11,01_TOLEDO
2041,11,11,01_TOLEDO
2042,11,11,01_TOLEDO
2043,11,11,01_TOLEDO
2044,11,11,02_LIMA
2045,11,11,02_LIMA
2046,11,11,02_LIMA
2047,11,11,02_LIMA
2048,11,11,02_LIMA
2049,11,11,01_TOLEDO
2050,11,11,02_LIMA
2051,11,11,02_LIMA
2052,11,11,01_TOLEDO
2053,11,11,02_LIMA
2054,11,11,01_TOLEDO
2055,11,11,02_LIMA
2056,11,11,01_TOLEDO
2057,11,11,02_LIMA
2058,11,11,01_TOLEDO
2059,11,11,02_LIMA
2060,11,11,02_LIMA
2061,11,11,02_LIMA
2062,11,11,02_LIMA
2063,11,11,01_TOLEDO
2064,11,11,02_LIMA
2065,11,11,02_LIMA
2066,11,11,02_LIMA
2067,11,11,02_LIMA
2068,11,11,01_TOLEDO
2069,11,11,02_LIMA
2070,13,11,01_TOLEDO
2071,11,11,02_LIMA
2072,11,11,02_LIMA
2073,11,11,02_LIMA
2074,11,11,02_LIMA
2075,11,11,02_LIMA
2076,11,11,02_LIMA
2077,11,11,02_LIMA
2078,11,11,02_LIMA
2079,11,11,01_TOLEDO
2080,11,11,02_LIMA
2081,11,11,01_TOLEDO
2082,11,11,02_LIMA
2083,11,11,02_LIMA
2084,11,11,01_TOLEDO
2085,14,14,01_TOLEDO
2086,11,11,02_LIMA
2087,11,11,02_LIMA
2088,17,15,02_LIMA
2089,11,11,02_LIMA
2090,11,11,02_LIMA
2091,11,11,02_LIMA
2092,11,11,02_LIMA
2093,11,11,01_TOLEDO
2094,11,13,02_LIMA
2095,11,11,02_LIMA
2096,11,11,02_LIMA
2097,11,11,02_LIMA
2098,14,11,02_LIMA
2099,14,14,02_LIMA
2100,11,11,01_TOLEDO
2101,11,11,02_LIMA
2102,12,13,02_LIMA
2103,11,11,02_LIMA
2104,11,11,01_TOLEDO
2105,11,11,01_TOLEDO
2106,11,11,01_TOLEDO
2107,11,11,02_LIMA
2108,11,11,02_LIMA
2109,11,11,02_LIMA
2110,11,11,02_LIMA
2111,11,11,01_TOLEDO
2112,11,11,02_LIMA
2113,11,14,02_LIMA
2114,14,14,02_LIMA
2115,11,11,02_LIMA
2116,11,11,02_LIMA
2117,11,11,02_LIMA
2118,11,14,02_LIMA
2119,11,11,02_LIMA
2120,11,11,02_LIMA
2121,11,11,02_LIMA
2122,11,14,02_LIMA
2123,11,11,02_LIMA
2124,11,11,02_LIMA
2125,11,11,10_RURAL
2126,11,11,01_TOLEDO
2127,11,11,02_LIMA
2128,14,14,02_LIMA
2129,14,14,02_LIMA
2130,11,11,02_LIMA
2131,11,11,02_LIMA
2132,11,11,02_LIMA
2133,11,11,02_LIMA
2134,11,11,02_LIMA
2135,11,11,02_LIMA
2136,11,11,10_RURAL
2137,11,11,01_TOLEDO
2138,11,11,02_LIMA
2139,11,11,01_TOLEDO
2140,11,11,02_LIMA
2141,12,13,02_LIMA
2142,11,11,01_TOLEDO
2143,11,11,01_TOLEDO
2144,11,11,02_LIMA
2145,11,11,02_LIMA
2146,11,11,02_LIMA
2147,11,11,02_LIMA
2148,11,11,02_LIMA
2149,11,11,10_RURAL
2150,11,11,01_TOLEDO
2151,11,11,02_LIMA
2152,11,11,01_TOLEDO
2153,11,11,02_LIMA
2154,11,11,02_LIMA
2155,11,11,02_LIMA
2156,11,11,10_RURAL
2157,11,11,02_LIMA
2158,11,11,02_LIMA
2159,11,11,10_RURAL
2160,11,11,02_LIMA
2161,11,11,02_LIMA
2162,11,11,02_LIMA
2163,11,11,02_LIMA
2164,11,13,02_LIMA
2165,11,11,01_TOLEDO
2166,13,11,01_TOLEDO
2167,11,11,01_TOLEDO
2168,11,11,01_TOLEDO
2169,11,11,02_LIMA
2170,11,11,02_LIMA
2171,11,11,02_LIMA
2172,11,11,01_TOLEDO
2173,11,11,02_LIMA
2174,11,11,02_LIMA
2175,11,11,02_LIMA
2176,11,14,02_LIMA
2177,11,14,02_LIMA
2178,11,11,01_TOLEDO
2179,11,11,10_RURAL
2180,11,11,02_LIMA
2181,11,11,02_LIMA
2182,11,13,02_LIMA
2183,11,11,02_LIMA
2184,11,11,01_TOLEDO
2185,11,11,02_LIMA
2186,11,11,02_LIMA
2187,11,11,02_LIMA
2188,11,11,02_LIMA
2189,11,11,01_TOLEDO
2190,11,11,02_LIMA
2191,11,11,02_LIMA
2192,11,11,02_LIMA
2193,11,11,02_LIMA
2194,11,11,02_LIMA
2195,11,11,02_LIMA
2196,11,11,01_TOLEDO
2197,11,14,01_TOLEDO
2198,11,14,01_TOLEDO
2199,11,11,02_LIMA
2200,11,11,02_LIMA
2201,11,11,02_LIMA
2202,11,11,02_LIMA
2203,11,11,01_TOLEDO
2204,11,11,02_LIMA
2205,11,11,02_LIMA
2206,11,11,02_LIMA
2207,11,11,02_LIMA
2208,11,11,02_LIMA
2209,11,11,02_LIMA
2210,11,11,10_RURAL
2211,11,11,01_TOLEDO
2212,11,11,01_TOLEDO
2213,11,11,01_TOLEDO
2214,11,11,02_LIMA
2215,11,11,02_LIMA
2216,11,14,02_LIMA
2217,11,11,01_TOLEDO
2218,11,11,02_LIMA
2219,11,11,02_LIMA
2220,11,11,02_LIMA
2221,11,11,02_LIMA
2222,11,11,02_LIMA
2223,11,11,02_LIMA
2224,14,13,02_LIMA
2225,11,11,02_LIMA
2226,11,11,02_LIMA
2227,11,11,02_LIMA
2228,11,11,02_LIMA
2229,11,11,01_TOLEDO
2230,11,11,02_LIMA
2231,11,11,02_LIMA
2232,11,11,02_LIMA
2233,11,11,02_LIMA
2234,11,11,01_TOLEDO
2235,11,11,02_LIMA
2236,11,11,02_LIMA
2237,11,14,02_LIMA
2238,11,14,02_LIMA
2239,11,14,02_LIMA
2240,11,14,02_LIMA
2241,11,11,02_LIMA
2242,11,11,01_TOLEDO
2243,11,11,01_TOLEDO
2244,11,11,01_TOLEDO
2245,11,11,02_LIMA
2246,11,11,02_LIMA
2247,11,13,02_LIMA
2248,14,14,02_LIMA
2249,14,14,02_LIMA
2250,14,14,02_LIMA
2251,14,14,02_LIMA
2252,14,14,02_LIMA
2253,11,11,02_LIMA
2254,11,11,02_LIMA
2255,11,11,02_LIMA
2256,11,11,01_TOLEDO
2257,11,11,01_TOLEDO
2258,11,11,02_LIMA
2259,11,11,02_LIMA
2260,11,14,02_LIMA
2261,11,14,02_LIMA
2262,11,11,02_LIMA
2263,11,11,02_LIMA
2264,11,11,02_LIMA
2265,11,11,01_TOLEDO
2266,11,11,02_LIMA
2267,11,11,02_LIMA
2268,11,11,02_LIMA
2269,11,11,02_LIMA
2270,11,11,02_LIMA
2271,11,11,02_LIMA
2272,11,11,02_LIMA
2273,11,14,02_LIMA
2274,11,11,02_LIMA
2275,11,13,02_LIMA
2276,11,11,01_TOLEDO
2277,11,11,02_LIMA
2278,11,11,02_LIMA
2279,11,11,02_LIMA
2280,11,11,01_TOLEDO
2281,11,11,02_LIMA
2282,11,11,02_LIMA
2283,11,11,02_LIMA
2284,11,11,02_LIMA
2285,11,11,02_LIMA
2286,11,11,02_LIMA
2287,11,11,01_TOLEDO
2288,11,11,01_TOLEDO
2289,11,11,02_LIMA
2290,11,11,02_LIMA
2291,11,11,02_LIMA
2292,11,14,02_LIMA
2293,11,11,02_LIMA
2294,11,14,02_LIMA
2295,11,14,02_LIMA
2296,11,14,02_LIMA
2297,11,14,02_LIMA
2298,11,14,02_LIMA
2299,11,11,02_LIMA
2300,11,11,02_LIMA
2301,11,11,02_LIMA
2302,11,11,02_LIMA
2303,11,11,02_LIMA
2304,11,11,01_TOLEDO
2305,11,11,02_LIMA
2306,11,11,02_LIMA
2307,13,11,02_LIMA
2308,11,11,02_LIMA
2309,11,11,01_TOLEDO
2310,11,11,01_TOLEDO
2311,11,11,02_LIMA
2312,11,11,02_LIMA
2313,11,11,02_LIMA
2314,11,11,01_TOLEDO
2315,11,11,02_LIMA
2316,11,11,02_LIMA
2317,11,14,02_LIMA
2318,11,14,02_LIMA
2319,11,11,02_LIMA
2320,11,11,02_LIMA
2321,11,11,02_LIMA
2322,11,11,02_LIMA
2323,11,11,02_LIMA
2324,11,14,02_LIMA
2325,11,11,02_LIMA
2326,11,11,02_LIMA
2327,11,11,02_LIMA
2328,11,11,02_LIMA
2329,11,11,01_TOLEDO
2330,11,11,02_LIMA
2331,11,11,02_LIMA
2332,11,11,02_LIMA
2333,11,11,02_LIMA
2334,11,14,02_LIMA
2335,11,11,02_LIMA
2336,11,11,02_LIMA
2337,12,11,02_LIMA
2338,12,12,02_LIMA
2339,11,11,02_LIMA
2340,11,14,02_LIMA
2341,11,13,02_LIMA
2342,11,11,01_TOLEDO
2343,12,12,02_LIMA
2344,12,12,02_LIMA
2345,11,11,02_LIMA
2346,11,11,01_TOLEDO
2347,11,11,02_LIMA
2348,11,11,10_RURAL
2349,11,11,10_RURAL
2350,11,11,10_RURAL
2351,11,11,10_RURAL
2352,11,11,10_RURAL
2353,11,11,10_RURAL
2354,14,14,10_RURAL
2355,14,14,10_RURAL
2356,14,14,10_RURAL
2357,14,14,10_RURAL
2358,11,11,10_RURAL
2359,11,11,10_RURAL
2360,11,11,01_TOLEDO
2361,11,11,01_TOLEDO
2362,19,11,01_TOLEDO
2363,11,11,01_TOLEDO
2364,11,11,01_TOLEDO
2365,11,11,01_TOLEDO
2366,11,11,01_TOLEDO
2367,11,11,01_TOLEDO
2368,11,11,01_TOLEDO
2369,11,11,01_TOLEDO
2370,11,11,01_TOLEDO
2371,11,14,01_TOLEDO
2372,11,11,01_TOLEDO
2373,11,11,01_TOLEDO
2374,11,11,01_TOLEDO
2375,11,11,01_TOLEDO
2376,11,14,01_TOLEDO
2377,11,11,01_TOLEDO
2378,11,11,01_TOLEDO
2379,11,11,01_TOLEDO
2380,11,11,01_TOLEDO
2381,11,11,01_TOLEDO
2382,11,11,01_TOLEDO
2383,11,11,01_TOLEDO
2384,11,11,01_TOLEDO
2385,11,11,01_TOLEDO
2386,11,11,01_TOLEDO
2387,11,11,01_TOLEDO
2388,11,11,01_TOLEDO
2389,11,11,01_TOLEDO
2390,11,11,01_TOLEDO
2391,11,14,01_TOLEDO
2392,11,11,01_TOLEDO
2393,11,11,01_TOLEDO
2394,11,11,01_TOLEDO
2395,11,11,01_TOLEDO
2396,11,11,01_TOLEDO
2397,11,11,01_TOLEDO
2398,11,14,01_TOLEDO
2399,11,11,01_TOLEDO
2400,11,11,01_TOLEDO
2401,11,11,01_TOLEDO
2402,11,11,01_TOLEDO
2403,11,11,01_TOLEDO
2404,11,14,01_TOLEDO
2405,11,14,01_TOLEDO
2406,11,14,01_TOLEDO
2407,11,14,01_TOLEDO
2408,11,11,01_TOLEDO
2409,11,11,01_TOLEDO
2410,11,11,01_TOLEDO
2411,11,11,01_TOLEDO
2412,11,11,01_TOLEDO
2413,11,11,01_TOLEDO
2414,11,11,01_TOLEDO
2415,11,11,01_TOLEDO
2416,11,11,01_TOLEDO
2417,11,14,01_TOLEDO
2418,11,11,01_TOLEDO
2419,11,11,01_TOLEDO
2420,11,11,01_TOLEDO
2421,11,11,01_TOLEDO
2422,11,11,01_TOLEDO
2423,11,11,01_TOLEDO
2424,11,11,02_LIMA
2425,11,11,02_LIMA
2426,11,14,02_LIMA
2427,11,14,02_LIMA
2428,11,11,02_LIMA
2429,11,18,02_LIMA
2430,11,11,02_LIMA
2431,11,11,02_LIMA
2432,11,11,02_LIMA
2433,11,11,02_LIMA
2434,11,11,02_LIMA
2435,11,11,02_LIMA
2436,11,11,02_LIMA
2437,11,11,02_LIMA
2438,11,11,02_LIMA
2439,11,11,02_LIMA
2440,11,11,02_LIMA
2441,11,11,02_LIMA
2442,11,11,02_LIMA
2443,11,11,02_LIMA
2444,11,11,02_LIMA
2445,11,11,02_LIMA
2446,11,11,02_LIMA
2447,11,11,02_LIMA
2448,11,11,02_LIMA
2449,11,11,02_LIMA
2450,11,11,02_LIMA
2451,11,11,02_LIMA
2452,11,11,02_LIMA
2453,11,11,02_LIMA
2454,11,11,02_LIMA
2455,11,13,02_LIMA
2456,11,11,02_LIMA
2457,12,11,02_LIMA
2458,12,14,02_LIMA
2459,11,11,02_LIMA
2460,14,14,02_LIMA
2461,14,14,02_LIMA
2462,14,14,02_LIMA
2463,14,14,02_LIMA
2464,11,11,02_LIMA
2465,11,11,02_LIMA
2466,11,11,02_LIMA
2467,11,11,02_LIMA
2468,11,11,02_LIMA
2469,11,11,02_LIMA
2470,11,11,02_LIMA
2471,11,11,02_LIMA
2472,11,11,02_LIMA
2473,11,11,01_TOLEDO
2474,11,11,02_LIMA
2475,11,11,02_LIMA
2476,11,11,01_TOLEDO
2477,11,11,02_LIMA
2478,11,11,01_TOLEDO
2479,11,11,02_LIMA
2480,11,11,01_TOLEDO
2481,11,11,02_LIMA
2482,12,11,02_LIMA
2483,11,11,02_LIMA
2484,11,11,01_TOLEDO
2485,11,11,02_LIMA
2486,11,11,01_TOLEDO
2487,11,11,02_LIMA
2488,11,11,02_LIMA
2489,11,11,01_TOLEDO
2490,11,11,02_LIMA
2491,12,11,02_LIMA
2492,11,12,02_LIMA
2493,13,11,02_LIMA
2494,11,12,02_LIMA
2495,11,11,01_TOLEDO
2496,11,11,01_TOLEDO
2497,11,11,01_TOLEDO
2498,11,11,02_LIMA
2499,11,11,02_LIMA
2500,11,11,10_RURAL
2501,11,12,02_LIMA
2502,11,11,01_TOLEDO
2503,11,12,02_LIMA
2504,11,11,01_TOLEDO
2505,11,11,01_TOLEDO
2506,11,11,10_RURAL
2507,11,11,01_TOLEDO
2508,11,14,02_LIMA
2509,19,11,01_TOLEDO
2510,11,11,02_LIMA
2511,11,11,01_TOLEDO
2512,11,11,01_TOLEDO
2513,11,11,02_LIMA
2514,11,11,02_LIMA
2515,11,11,02_LIMA
2516,11,11,02_LIMA
2517,11,11,02_LIMA
2518,11,11,01_TOLEDO
2519,11,11,02_LIMA
2520,11,11,02_LIMA
2521,11,11,01_TOLEDO
2522,11,11,02_LIMA
2523,11,11,01_TOLEDO
2524,11,11,01_TOLEDO
2525,11,11,01_TOLEDO
2526,11,11,01_TOLEDO
2527,11,11,02_LIMA
2528,11,11,01_TOLEDO
2529,11,12,02_LIMA
2530,11,12,02_LIMA
2531,11,11,01_TOLEDO
2532,11,11,02_LIMA
2533,11,11,02_LIMA
2534,11,11,01_TOLEDO
2535,11,14,02_LIMA
2536,11,11,01_TOLEDO
2537,11,11,01_TOLEDO
2538,11,11,02_LIMA
2539,11,11,01_TOLEDO
2540,11,14,02_LIMA
2541,11,11,01_TOLEDO
2542,11,11,01_TOLEDO
2543,11,11,01_TOLEDO
2544,11,11,01_TOLEDO
2545,11,11,01_TOLEDO
2546,11,11,02_LIMA
2547,11,11,01_TOLEDO
2548,11,11,01_TOLEDO
2549,11,11,01_TOLEDO
2550,11,11,01_TOLEDO
2551,11,11,01_TOLEDO
2552,11,11,01_TOLEDO
2553,11,11,02_LIMA
2554,11,11,10_RURAL
2555,11,11,10_RURAL
2556,11,11,02_LIMA
2557,11,11,02_LIMA
2558,11,12,02_LIMA
2559,11,12,02_LIMA
2560,11,11,01_TOLEDO
2561,11,12,02_LIMA
2562,11,11,02_LIMA
2563,11,11,02_LIMA
2564,11,11,01_TOLEDO
2565,11,11,02_LIMA
2566,11,12,02_LIMA
2567,11,12,02_LIMA
2568,11,12,02_LIMA
2569,11,12,02_LIMA
2570,11,11,01_TOLEDO
2571,11,11,01_TOLEDO
2572,11,11,02_LIMA
2573,11,12,02_LIMA
2574,11,12,02_LIMA
2575,11,12,02_LIMA
2576,11,11,02_LIMA
2577,11,11,02_LIMA
2578,11,11,02_LIMA
2579,11,11,01_TOLEDO
2580,11,11,10_RURAL
2581,11,11,01_TOLEDO
2582,11,11,01_TOLEDO
2583,11,11,01_TOLEDO
2584,11,11,01_TOLEDO
2585,11,11,02_LIMA
2586,11,11,02_LIMA
2587,11,11,02_LIMA
2588,11,11,02_LIMA
2589,11,11,10_RURAL
2590,11,11,10_RURAL
2591,11,11,01_TOLEDO
2592,11,11,01_TOLEDO
2593,11,11,01_TOLEDO
2594,11,11,01_TOLEDO
2595,11,12,02_LIMA
2596,11,11,02_LIMA
2597,11,11,01_TOLEDO
2598,11,11,01_TOLEDO
2599,11,11,01_TOLEDO
2600,11,11,01_TOLEDO
2601,11,11,02_LIMA
2602,11,11,02_LIMA
2603,11,11,02_LIMA
2604,11,11,10_RURAL
2605,11,11,01_TOLEDO
2606,11,11,01_TOLEDO
2607,11,14,01_TOLEDO
2608,11,14,01_TOLEDO
2609,11,14,01_TOLEDO
2610,11,14,01_TOLEDO
2611,11,11,01_TOLEDO
2612,11,11,01_TOLEDO
2613,11,11,10_RURAL
2614,11,11,10_RURAL
2615,11,11,01_TOLEDO
2616,11,11,01_TOLEDO
2617,11,11,01_TOLEDO
2618,11,11,02_LIMA
2619,11,11,10_RURAL
2620,11,11,01_TOLEDO
2621,11,14,02_LIMA
2622,14,14,10_RURAL
2623,14,14,10_RURAL
2624,14,14,10_RURAL
2625,14,14,10_RURAL
2626,11,11,01_TOLEDO
2627,11,11,01_TOLEDO
2628,11,11,01_TOLEDO
2629,11,11,01_TOLEDO
2630,11,11,01_TOLEDO
2631,11,11,02_LIMA
2632,11,11,02_LIMA
2633,11,11,02_LIMA
2634,11,11,01_TOLEDO
2635,11,11,01_TOLEDO
2636,11,11,01_TOLEDO
2637,11,11,01_TOLEDO
2638,11,11,01_TOLEDO
2639,11,11,01_TOLEDO
2640,11,11,01_TOLEDO
2641,11,14,02_LIMA
2642,11,11,02_LIMA
2643,11,11,01_TOLEDO
2644,11,11,01_TOLEDO
2645,13,11,01_TOLEDO
2646,11,12,02_LIMA
2647,11,12,02_LIMA
2648,11,11,02_LIMA
2649,11,11,02_LIMA
2650,11,11,02_LIMA
2651,11,11,10_RURAL
2652,11,11,01_TOLEDO
2653,11,11,02_LIMA
2654,11,11,01_TOLEDO
2655,11,11,01_TOLEDO
2656,11,11,01_TOLEDO
2657,11,11,01_TOLEDO
2658,16,11,01_TOLEDO
2659,11,12,02_LIMA
2660,11,11,10_RURAL
2661,11,11,10_RURAL
2662,11,11,01_TOLEDO
2663,11,11,01_TOLEDO
2664,11,11,01_TOLEDO
2665,11,11,01_TOLEDO
2666,11,14,01_TOLEDO
2667,11,14,01_TOLEDO
2668,11,14,01_TOLEDO
2669,11,14,01_TOLEDO
2670,11,11,02_LIMA
2671,11,11,02_LIMA
2672,14,14,02_LIMA
2673,11,11,02_LIMA
2674,11,11,10_RURAL
2675,11,11,02_LIMA
2676,11,11,01_TOLEDO
2677,14,14,02_LIMA
2678,14,14,02_LIMA
2679,14,14,02_LIMA
2680,11,11,02_LIMA
2681,11,11,10_RURAL
2682,11,11,01_TOLEDO
2683,11,11,01_TOLEDO
2684,11,11,01_TOLEDO
2685,11,11,01_TOLEDO
2686,11,11,01_TOLEDO
2687,11,11,01_TOLEDO
2688,11,11,02_LIMA
2689,11,11,02_LIMA
2690,11,11,02_LIMA
2691,11,11,02_LIMA
2692,11,11,02_LIMA
2693,13,11,02_LIMA
2694,11,11,02_LIMA
2695,11,12,02_LIMA
2696,11,12,02_LIMA
2697,11,11,02_LIMA
2698,11,14,02_LIMA
2699,11,11,01_TOLEDO
2700,11,11,02_LIMA
2701,11,14,02_LIMA
2702,11,11,02_LIMA
2703,11,11,02_LIMA
2704,11,11,01_TOLEDO
2705,11,11,01_TOLEDO
2706,11,11,01_TOLEDO
2707,11,11,02_LIMA
2708,11,11,02_LIMA
2709,11,11,02_LIMA
2710,11,11,02_LIMA
2711,11,11,01_TOLEDO
2712,11,11,01_TOLEDO
2713,11,11,01_TOLEDO
2714,11,11,01_TOLEDO
2715,11,11,02_LIMA
2716,11,11,01_TOLEDO
2717,11,11,01_TOLEDO
2718,13,11,01_TOLEDO
2719,11,11,01_TOLEDO
2720,11,11,01_TOLEDO
2721,11,11,01_TOLEDO
2722,11,14,01_TOLEDO
2723,11,14,01_TOLEDO
2724,11,14,01_TOLEDO
2725,11,14,01_TOLEDO
2726,11,11,01_TOLEDO
2727,11,11,02_LIMA
2728,11,11,02_LIMA
2729,11,11,02_LIMA
2730,11,11,02_LIMA
2731,11,11,02_LIMA
2732,11,11,01_TOLEDO
2733,11,11,01_TOLEDO
2734,11,11,01_TOLEDO
2735,11,11,01_TOLEDO
2736,11,11,01_TOLEDO
2737,11,11,01_TOLEDO
2738,11,11,02_LIMA
2739,11,11,02_LIMA
2740,11,11,02_LIMA
2741,11,11,01_TOLEDO
2742,11,11,01_TOLEDO
2743,11,11,01_TOLEDO
2744,11,11,02_LIMA
2745,11,11,01_TOLEDO
2746,11,11,01_TOLEDO
2747,11,11,01_TOLEDO
2748,11,11,02_LIMA
2749,11,11,02_LIMA
2750,11,14,02_LIMA
2751,11,14,02_LIMA
2752,11,11,02_LIMA
2753,11,11,01_TOLEDO
2754,11,11,02_LIMA
2755,11,11,10_RURAL
2756,11,11,10_RURAL
2757,11,11,01_TOLEDO
2758,11,11,01_TOLEDO
2759,11,11,01_TOLEDO
2760,11,11,01_TOLEDO
2761,11,11,01_TOLEDO
2762,11,11,01_TOLEDO
2763,11,14,01_TOLEDO
2764,11,11,01_TOLEDO
2765,11,11,01_TOLEDO
2766,11,11,01_TOLEDO
2767,11,11,02_LIMA
2768,11,11,02_LIMA
2769,11,11,02_LIMA
2770,11,11,02_LIMA
2771,11,11,02_LIMA
2772,11,11,02_LIMA
2773,11,11,02_LIMA
2774,11,11,01_TOLEDO
2775,11,11,01_TOLEDO
2776,11,11,01_TOLEDO
2777,11,11,01_TOLEDO
2778,11,11,01_TOLEDO
2779,11,11,02_LIMA
2780,11,11,02_LIMA
2781,11,11,01_TOLEDO
2782,11,11,01_TOLEDO
2783,11,11,01_TOLEDO
2784,11,11,01_TOLEDO
2785,11,11,01_TOLEDO
2786,11,11,01_TOLEDO
2787,11,11,01_TOLEDO
2788,11,11,02_LIMA
2789,11,11,01_TOLEDO
2790,11,11,02_LIMA
2791,11,11,01_TOLEDO
2792,11,11,01_TOLEDO
2793,11,11,01_TOLEDO
2794,11,11,02_LIMA
2795,11,11,02_LIMA
2796,11,11,01_TOLEDO
2797,11,11,01_TOLEDO
2798,11,11,01_TOLEDO
2799,11,11,02_LIMA
2800,11,11,02_LIMA
2801,11,11,02_LIMA
2802,11,11,02_LIMA
2803,11,11,02_LIMA
2804,11,11,01_TOLEDO
2805,11,11,01_TOLEDO
2806,11,11,01_TOLEDO
2807,11,11,02_LIMA
2808,11,11,02_LIMA
2809,11,11,01_TOLEDO
2810,11,11,01_TOLEDO
2811,11,11,01_TOLEDO
2812,16,11,01_TOLEDO
2813,11,11,02_LIMA
2814,11,11,01_TOLEDO
2815,11,11,01_TOLEDO
2816,11,11,01_TOLEDO
2817,11,11,01_TOLEDO
2818,11,11,01_TOLEDO
2819,11,11,01_TOLEDO
2820,11,11,01_TOLEDO
2821,11,11,01_TOLEDO
2822,11,11,02_LIMA
2823,11,11,02_LIMA
2824,11,11,02_LIMA
2825,11,11,02_LIMA
2826,11,12,02_LIMA
2827,11,12,02_LIMA
2828,11,11,02_LIMA
2829,11,11,02_LIMA
2830,11,14,01_TOLEDO
2831,11,11,01_TOLEDO
2832,11,11,01_TOLEDO
2833,11,11,02_LIMA
2834,11,12,02_LIMA
2835,11,11,02_LIMA
2836,11,11,02_LIMA
2837,11,11,02_LIMA
2838,11,11,02_LIMA
2839,11,11,01_TOLEDO
2840,11,11,01_TOLEDO
2841,11,11,01_TOLEDO
2842,11,11,01_TOLEDO
2843,11,11,01_TOLEDO
2844,11,11,02_LIMA
2845,11,11,10_RURAL
2846,11,11,01_TOLEDO
2847,11,11,02_LIMA
2848,11,14,02_LIMA
2849,11,14,02_LIMA
2850,11,11,02_LIMA
2851,11,11,01_TOLEDO
2852,11,11,01_TOLEDO
2853,11,11,01_TOLEDO
2854,11,11,01_TOLEDO
2855,11,11,01_TOLEDO
2856,11,11,01_TOLEDO
2857,11,11,01_TOLEDO
2858,11,11,01_TOLEDO
2859,11,11,01_TOLEDO
2860,11,11,01_TOLEDO
2861,11,11,01_TOLEDO
2862,11,11,01_TOLEDO
2863,11,11,02_LIMA
2864,11,11,02_LIMA
2865,11,11,02_LIMA
2866,11,11,02_LIMA
2867,12,12,02_LIMA
2868,12,12,02_LIMA
2869,11,11,01_TOLEDO
2870,11,11,01_TOLEDO
2871,11,11,01_TOLEDO
2872,11,11,01_TOLEDO
2873,11,11,01_TOLEDO
2874,11,11,01_TOLEDO
2875,11,11,01_TOLEDO
2876,11,11,01_TOLEDO
2877,11,11,02_LIMA
2878,11,11,02_LIMA
2879,11,11,01_TOLEDO
2880,11,11,01_TOLEDO
2881,11,11,02_LIMA
2882,11,11,01_TOLEDO
2883,11,11,01_TOLEDO
2884,11,11,01_TOLEDO
2885,11,11,02_LIMA
2886,11,11,10_RURAL
2887,11,11,02_LIMA
2888,11,11,02_LIMA
2889,11,11,02_LIMA
2890,11,11,02_LIMA
2891,11,11,01_TOLEDO
2892,11,11,02_LIMA
2893,11,11,02_LIMA
2894,11,11,02_LIMA
2895,11,11,01_TOLEDO
2896,11,11,01_TOLEDO
2897,15,11,01_TOLEDO
2898,11,11,01_TOLEDO
2899,15,11,01_TOLEDO
2900,11,11,02_LIMA
2901,11,14,02_LIMA
2902,11,14,02_LIMA
2903,11,11,10_RURAL
2904,11,15,01_TOLEDO
2905,11,11,02_LIMA
2906,11,11,10_RURAL
2907,11,11,10_RURAL
2908,11,11,10_RURAL
2909,11,11,10_RURAL
2910,11,11,10_RURAL
2911,11,11,10_RURAL
2912,11,11,10_RURAL
2913,11,11,10_RURAL
2914,11,14,10_RURAL
2915,11,14,10_RURAL
2916,11,14,10_RURAL
2917,11,11,10_RURAL
2918,11,11,10_RURAL
2919,11,11,10_RURAL
2920,11,11,01_TOLEDO
2921,11,11,01_TOLEDO
2922,11,11,01_TOLEDO
2923,11,11,01_TOLEDO
2924,11,11,01_TOLEDO
2925,11,11,01_TOLEDO
2926,11,11,01_TOLEDO
2927,11,11,01_TOLEDO
2928,11,11,01_TOLEDO
2929,11,11,01_TOLEDO
2930,11,11,01_TOLEDO
2931,11,11,01_TOLEDO
2932,11,11,01_TOLEDO
2933,11,11,01_TOLEDO
2934,11,11,01_TOLEDO
2935,11,11,01_TOLEDO
2936,11,11,01_TOLEDO
2937,11,11,01_TOLEDO
2938,11,11,01_TOLEDO
2939,11,11,01_TOLEDO
2940,11,11,01_TOLEDO
2941,11,11,01_TOLEDO
2942,11,11,01_TOLEDO
2943,17,11,01_TOLEDO
2944,13,11,01_TOLEDO
2945,11,11,01_TOLEDO
2946,13,11,01_TOLEDO
2947,11,11,01_TOLEDO
2948,11,11,01_TOLEDO
2949,11,11,01_TOLEDO
2950,11,11,01_TOLEDO
2951,11,11,01_TOLEDO
2952,11,11,01_TOLEDO
2953,12,11,01_TOLEDO
2954,11,11,01_TOLEDO
2955,11,11,01_TOLEDO
2956,11,11,01_TOLEDO
2957,11,11,01_TOLEDO
2958,11,11,01_TOLEDO
2959,11,11,01_TOLEDO
2960,11,11,02_LIMA
2961,11,11,02_LIMA
2962,11,11,02_LIMA
2963,14,11,02_LIMA
2964,11,11,02_LIMA
2965,11,11,02_LIMA
2966,11,11,02_LIMA
2967,11,11,02_LIMA
2968,11,11,02_LIMA
2969,11,14,02_LIMA
2970,11,11,02_LIMA
2971,11,11,02_LIMA
2972,11,11,02_LIMA
2973,11,11,02_LIMA
2974,11,11,02_LIMA
2975,11,11,02_LIMA
2976,11,11,02_LIMA
2977,11,11,02_LIMA
2978,11,11,02_LIMA
2979,11,11,02_LIMA
2980,11,11,02_LIMA
2981,11,11,02_LIMA
2982,11,14,02_LIMA
2983,11,14,02_LIMA
2984,11,14,02_LIMA
2985,11,14,02_LIMA
2986,11,11,02_LIMA
2987,11,11,02_LIMA
2988,11,14,02_LIMA
2989,11,14,02_LIMA
2990,11,11,02_LIMA
2991,14,11,02_LIMA
2992,11,11,02_LIMA
2993,11,11,02_LIMA
2994,11,11,02_LIMA
2995,11,11,02_LIMA
2996,11,11,02_LIMA
2997,18,11,02_LIMA
2998,11,14,02_LIMA
2999,14,14,02_LIMA
